clip_id,Show,EpId,ClipId,Start,Stop,label,speaker,is_probably_host,clip_silhouette_score,SEP28k-E,SEP28k-T,SEP28k-D
StutteringIsCool_15_8,StutteringIsCool,15,8,4635520,4683520,prolongation,Daniele Rossi,True,0.5405088067054749,train,test,test
WomenWhoStutter_10_81,WomenWhoStutter,10,81,11556320,11604320,block,Pamela Mertz,True,0.339680403470993,train,test,test
WomenWhoStutter_50_276,WomenWhoStutter,50,276,34439200,34487200,prolongation,Pamela Mertz,True,0.4853132665157318,train,test,test
WomenWhoStutter_46_29,WomenWhoStutter,46,29,26693120,26741120,block,Pamela Mertz,True,0.4024931192398071,train,test,test
WomenWhoStutter_10_199,WomenWhoStutter,10,199,2470560,2518560,repetition,Pamela Mertz,True,0.6045041680335999,train,test,test
HeStutters_19_168,HeStutters,19,168,43624320,43672320,repetition,Pamela Mertz,True,0.4310687482357025,train,test,test
MyStutteringLife_30_79,MyStutteringLife,30,79,3879840,3927840,block,Pedro Peña,True,,train,test,test
StutterTalk_78_10,StutterTalk,78,10,24031680,24079680,block,Peter Reitzes,True,0.3799256384372711,train,test,test
StutteringIsCool_6_3,StutteringIsCool,6,3,15154560,15202560,prolongation,Daniele Rossi,True,0.394769549369812,train,test,test
WomenWhoStutter_108_17,WomenWhoStutter,108,17,13033600,13081600,block,Pamela Mertz,True,0.0153598133474588,train,test,test
HeStutters_16_113,HeStutters,16,113,21528160,21576160,block,Pamela Mertz,True,0.3459124267101288,train,test,test
WomenWhoStutter_65_39,WomenWhoStutter,65,39,30804800,30852800,prolongation,Pamela Mertz,True,0.2344234734773636,train,test,test
WomenWhoStutter_95_12,WomenWhoStutter,95,12,27970080,28018080,block,Pamela Mertz,True,0.4039422869682312,train,test,test
WomenWhoStutter_42_42,WomenWhoStutter,42,42,32592160,32640160,repetition,Pamela Mertz,True,0.3044860064983368,train,test,test
WomenWhoStutter_72_20,WomenWhoStutter,72,20,29080480,29128480,fluent,Pamela Mertz,True,0.3589411973953247,train,test,test
WomenWhoStutter_103_37,WomenWhoStutter,103,37,17176800,17224800,repetition,Pamela Mertz,True,0.3738130629062652,train,test,test
WomenWhoStutter_30_180,WomenWhoStutter,30,180,18300800,18348800,interjection,Pamela Mertz,True,0.3554573059082031,train,test,test
WomenWhoStutter_21_51,WomenWhoStutter,21,51,1471040,1519040,block,Pamela Mertz,True,0.5989184975624084,train,test,test
StutterTalk_43_166,StutterTalk,43,166,45277120,45325120,prolongation,Peter Reitzes,True,0.3864136934280395,train,test,test
StutterTalk_48_3,StutterTalk,48,3,12706400,12754400,fluent,Peter Reitzes,True,0.5151410102844238,train,test,test
StutterTalk_71_13,StutterTalk,71,13,6763200,6811200,block,Peter Reitzes,True,0.7144242525100708,train,test,test
HeStutters_11_148,HeStutters,11,148,976000,1024000,interjection,Pamela Mertz,True,0.5353784561157227,train,test,test
StutteringIsCool_82_162,StutteringIsCool,82,162,12007040,12055040,prolongation,Daniele Rossi,True,0.5014714002609253,train,test,test
WomenWhoStutter_104_4,WomenWhoStutter,104,4,45541760,45589760,fluent,Pamela Mertz,True,0.390148788690567,train,test,test
WomenWhoStutter_99_191,WomenWhoStutter,99,191,25787360,25835360,block,Pamela Mertz,True,0.577143669128418,train,test,test
WomenWhoStutter_49_21,WomenWhoStutter,49,21,10045280,10093280,block,Pamela Mertz,True,0.3954703509807586,train,test,test
WomenWhoStutter_10_103,WomenWhoStutter,10,103,15072000,15120000,fluent,Pamela Mertz,True,0.5970838069915771,train,test,test
HeStutters_12_30,HeStutters,12,30,30397600,30445600,interjection,Pamela Mertz,True,0.6056633591651917,train,test,test
HeStutters_0_24,HeStutters,0,24,15001760,15049760,fluent,Pamela Mertz,True,0.437989205121994,train,test,test
HeStutters_22_53,HeStutters,22,53,10646400,10694400,repetition,Pamela Mertz,True,0.4087345600128174,train,test,test
WomenWhoStutter_103_121,WomenWhoStutter,103,121,32769760,32817760,interjection,Pamela Mertz,True,0.5868839025497437,train,test,test
StutteringIsCool_68_5,StutteringIsCool,68,5,39961280,40009280,block,Daniele Rossi,True,0.4840501546859741,train,test,test
StutteringIsCool_6_17,StutteringIsCool,6,17,18453440,18501440,block,Daniele Rossi,True,0.3448798060417175,train,test,test
HeStutters_6_227,HeStutters,6,227,16385760,16433760,repetition,Pamela Mertz,True,0.5655533075332642,train,test,test
StutteringIsCool_56_2,StutteringIsCool,56,2,9598560,9646560,block,Daniele Rossi,True,0.528120756149292,train,test,test
MyStutteringLife_35_5,MyStutteringLife,35,5,61153440,61201440,prolongation,Pedro Peña,True,,train,test,test
WomenWhoStutter_37_1,WomenWhoStutter,37,1,37515040,37563040,prolongation,Pamela Mertz,True,0.4341996908187866,train,test,test
WomenWhoStutter_1_56,WomenWhoStutter,1,56,1685760,1733760,repetition,Pamela Mertz,True,0.4231732189655304,train,test,test
MyStutteringLife_15_27,MyStutteringLife,15,27,43367680,43415680,repetition,Pedro Peña,True,0.459540843963623,train,test,test
HeStutters_22_37,HeStutters,22,37,6582720,6630720,repetition,Pamela Mertz,True,0.5811954140663147,train,test,test
MyStutteringLife_37_8,MyStutteringLife,37,8,2332160,2380160,prolongation,Pedro Peña,True,,train,test,test
WomenWhoStutter_88_62,WomenWhoStutter,88,62,1386080,1434080,prolongation,Pamela Mertz,True,0.2998999059200287,train,test,test
StutteringIsCool_44_9,StutteringIsCool,44,9,6865920,6913920,interjection,Daniele Rossi,True,0.1356122940778732,train,test,test
StutteringIsCool_66_20,StutteringIsCool,66,20,19892800,19940800,interjection,Daniele Rossi,True,0.3221648335456848,train,test,test
MyStutteringLife_30_100,MyStutteringLife,30,100,5034080,5082080,block,Pedro Peña,True,,train,test,test
StutteringIsCool_82_94,StutteringIsCool,82,94,6061440,6109440,prolongation,Daniele Rossi,True,0.4619607329368591,train,test,test
HeStutters_15_81,HeStutters,15,81,10229760,10277760,interjection,Pamela Mertz,True,0.4422947764396667,train,test,test
StutteringIsCool_27_1,StutteringIsCool,27,1,18349440,18397440,block,Daniele Rossi,True,0.802672266960144,train,test,test
WomenWhoStutter_12_11,WomenWhoStutter,12,11,8743040,8791040,prolongation,Pamela Mertz,True,0.5224297642707825,train,test,test
MyStutteringLife_22_16,MyStutteringLife,22,16,13758560,13806560,repetition,Pedro Peña,True,0.561812698841095,train,test,test
StutterTalk_80_3,StutterTalk,80,3,504480,552480,block,Peter Reitzes,True,0.1796534657478332,train,test,test
WomenWhoStutter_14_121,WomenWhoStutter,14,121,16253280,16301280,block,Pamela Mertz,True,0.6041361093521118,train,test,test
MyStutteringLife_7_97,MyStutteringLife,7,97,19716320,19764320,interjection,Pedro Peña,True,0.6003859043121338,train,test,test
StutteringIsCool_53_39,StutteringIsCool,53,39,3945120,3993120,fluent,Daniele Rossi,True,0.3609024286270141,train,test,test
WomenWhoStutter_87_126,WomenWhoStutter,87,126,23453440,23501440,interjection,Pamela Mertz,True,0.3166186809539795,train,test,test
HeStutters_8_6,HeStutters,8,6,41148320,41196320,fluent,Pamela Mertz,True,0.6206274032592773,train,test,test
HeStutters_22_151,HeStutters,22,151,32570400,32618400,interjection,Pamela Mertz,True,0.5138917565345764,train,test,test
WomenWhoStutter_87_61,WomenWhoStutter,87,61,11342880,11390880,repetition,Pamela Mertz,True,0.2538313865661621,train,test,test
WomenWhoStutter_55_31,WomenWhoStutter,55,31,23712320,23760320,prolongation,Pamela Mertz,True,0.5761450529098511,train,test,test
WomenWhoStutter_48_33,WomenWhoStutter,48,33,21910400,21958400,fluent,Pamela Mertz,True,0.4993279576301574,train,test,test
HeStutters_5_18,HeStutters,5,18,4101760,4149760,repetition,Pamela Mertz,True,0.2834983170032501,train,test,test
WomenWhoStutter_99_127,WomenWhoStutter,99,127,15301920,15349920,block,Pamela Mertz,True,0.5056793689727783,train,test,test
StutteringIsCool_46_164,StutteringIsCool,46,164,25712320,25760320,fluent,Daniele Rossi,True,0.5044068694114685,train,test,test
WomenWhoStutter_86_121,WomenWhoStutter,86,121,11783360,11831360,repetition,Pamela Mertz,True,0.093935877084732,train,test,test
WomenWhoStutter_50_150,WomenWhoStutter,50,150,25960000,26008000,prolongation,Pamela Mertz,True,0.3374856412410736,train,test,test
MyStutteringLife_6_13,MyStutteringLife,6,13,23123520,23171520,prolongation,Pedro Peña,True,0.468822181224823,train,test,test
WomenWhoStutter_44_39,WomenWhoStutter,44,39,30806240,30854240,repetition,Pamela Mertz,True,0.4908376634120941,train,test,test
WomenWhoStutter_69_39,WomenWhoStutter,69,39,38689600,38737600,interjection,Pamela Mertz,True,0.3305678963661194,train,test,test
StutterTalk_6_174,StutterTalk,6,174,37051520,37099520,block,Peter Reitzes,True,0.4394581019878387,train,test,test
WomenWhoStutter_72_26,WomenWhoStutter,72,26,32164000,32212000,interjection,Pamela Mertz,True,0.405420571565628,train,test,test
WomenWhoStutter_2_157,WomenWhoStutter,2,157,4367520,4415520,repetition,Pamela Mertz,True,0.6571122407913208,train,test,test
HeStutters_16_198,HeStutters,16,198,40887680,40935680,block,Pamela Mertz,True,0.4171943366527557,train,test,test
WomenWhoStutter_96_4,WomenWhoStutter,96,4,46112640,46160640,fluent,Pamela Mertz,True,0.5360456109046936,train,test,test
MyStutteringLife_7_176,MyStutteringLife,7,176,44648800,44696800,prolongation,Pedro Peña,True,0.6823118329048157,train,test,test
WomenWhoStutter_1_124,WomenWhoStutter,1,124,23842720,23890720,interjection,Pamela Mertz,True,0.5371968150138855,train,test,test
HeStutters_20_34,HeStutters,20,34,42161440,42209440,repetition,Pamela Mertz,True,0.4944725632667541,train,test,test
StutterTalk_20_25,StutterTalk,20,25,23858880,23906880,repetition,Peter Reitzes,True,0.539577305316925,train,test,test
WomenWhoStutter_34_112,WomenWhoStutter,34,112,14920320,14968320,block,Pamela Mertz,True,0.583936333656311,train,test,test
WomenWhoStutter_31_7,WomenWhoStutter,31,7,5823040,5871040,block,Pamela Mertz,True,0.2350710332393646,train,test,test
WomenWhoStutter_88_169,WomenWhoStutter,88,169,33192320,33240320,interjection,Pamela Mertz,True,0.5612014532089233,train,test,test
WomenWhoStutter_14_107,WomenWhoStutter,14,107,14590880,14638880,fluent,Pamela Mertz,True,0.5681959986686707,train,test,test
HeStutters_11_152,HeStutters,11,152,25296640,25344640,prolongation,Pamela Mertz,True,0.6862948536872864,train,test,test
WomenWhoStutter_14_207,WomenWhoStutter,14,207,28053920,28101920,block,Pamela Mertz,True,0.5955896973609924,train,test,test
WomenWhoStutter_8_1,WomenWhoStutter,8,1,32270240,32318240,repetition,Pamela Mertz,True,0.0903305187821388,train,test,test
WomenWhoStutter_42_194,WomenWhoStutter,42,194,15506080,15554080,prolongation,Pamela Mertz,True,0.49674853682518,train,test,test
MyStutteringLife_39_33,MyStutteringLife,39,33,58163360,58211360,interjection,Pedro Peña,True,0.3297084867954254,train,test,test
MyStutteringLife_7_118,MyStutteringLife,7,118,26780160,26828160,interjection,Pedro Peña,True,0.6735560894012451,train,test,test
HeStutters_6_292,HeStutters,6,292,5162560,5210560,fluent,Pamela Mertz,True,0.6038157343864441,train,test,test
WomenWhoStutter_106_18,WomenWhoStutter,106,18,8331680,8379680,fluent,Pamela Mertz,True,,train,test,test
HeStutters_13_8,HeStutters,13,8,1645760,1693760,interjection,Pamela Mertz,True,0.4225757122039795,train,test,test
WomenWhoStutter_39_130,WomenWhoStutter,39,130,19696480,19744480,prolongation,Pamela Mertz,True,0.541114091873169,train,test,test
HeStutters_13_17,HeStutters,13,17,20212320,20260320,repetition,Pamela Mertz,True,0.4544329047203064,train,test,test
HeStutters_15_105,HeStutters,15,105,15396000,15444000,repetition,Pamela Mertz,True,0.2551482319831848,train,test,test
MyStutteringLife_7_4,MyStutteringLife,7,4,51053280,51101280,repetition,Pedro Peña,True,0.5614855289459229,train,test,test
StutterTalk_22_15,StutterTalk,22,15,11695840,11743840,repetition,Peter Reitzes,True,0.6099957823753357,train,test,test
WomenWhoStutter_44_3,WomenWhoStutter,44,3,34152480,34200480,block,Pamela Mertz,True,0.5341252088546753,train,test,test
WomenWhoStutter_86_150,WomenWhoStutter,86,150,14333920,14381920,prolongation,Pamela Mertz,True,0.28496915102005,train,test,test
StutterTalk_33_178,StutterTalk,33,178,43005120,43053120,prolongation,Peter Reitzes,True,0.4565545320510864,train,test,test
WomenWhoStutter_63_28,WomenWhoStutter,63,28,7407360,7455360,fluent,Pamela Mertz,True,0.4884351789951324,train,test,test
WomenWhoStutter_103_33,WomenWhoStutter,103,33,16178720,16226720,repetition,Pamela Mertz,True,0.2786710262298584,train,test,test
WomenWhoStutter_57_16,WomenWhoStutter,57,16,23352800,23400800,block,Pamela Mertz,True,0.2860343158245086,train,test,test
WomenWhoStutter_46_34,WomenWhoStutter,46,34,32514880,32562880,fluent,Pamela Mertz,True,0.4770695269107818,train,test,test
HeStutters_15_112,HeStutters,15,112,16424640,16472640,prolongation,Pamela Mertz,True,0.4767398536205292,train,test,test
StutteringIsCool_80_70,StutteringIsCool,80,70,5549120,5597120,interjection,Daniele Rossi,True,0.6426247954368591,train,test,test
WomenWhoStutter_78_21,WomenWhoStutter,78,21,28986240,29034240,fluent,Pamela Mertz,True,0.4416656792163849,train,test,test
WomenWhoStutter_66_6,WomenWhoStutter,66,6,38620320,38668320,fluent,Pamela Mertz,True,0.4992673099040985,train,test,test
WomenWhoStutter_50_249,WomenWhoStutter,50,249,32488640,32536640,repetition,Pamela Mertz,True,0.5531158447265625,train,test,test
WomenWhoStutter_57_159,WomenWhoStutter,57,159,14494560,14542560,block,Pamela Mertz,True,0.5657268166542053,train,test,test
HeStutters_1_235,HeStutters,1,235,23451360,23499360,fluent,Pamela Mertz,True,0.3040758669376373,train,test,test
WomenWhoStutter_60_8,WomenWhoStutter,60,8,6855200,6903200,repetition,Pamela Mertz,True,0.286363273859024,train,test,test
StutteringIsCool_47_32,StutteringIsCool,47,32,25652000,25700000,prolongation,Daniele Rossi,True,0.2870422601699829,train,test,test
StutterTalk_43_213,StutterTalk,43,213,57751040,57799040,prolongation,Peter Reitzes,True,0.5662588477134705,train,test,test
WomenWhoStutter_28_38,WomenWhoStutter,28,38,27588000,27636000,block,Pamela Mertz,True,0.6012147665023804,train,test,test
StutteringIsCool_8_3,StutteringIsCool,8,3,24712320,24760320,repetition,Daniele Rossi,True,0.3628334403038025,train,test,test
WomenWhoStutter_27_3,WomenWhoStutter,27,3,7161120,7209120,repetition,Pamela Mertz,True,0.3511252999305725,train,test,test
MyStutteringLife_14_21,MyStutteringLife,14,21,21322400,21370400,fluent,Pedro Peña,True,0.2615939378738403,train,test,test
MyStutteringLife_12_21,MyStutteringLife,12,21,23892320,23940320,repetition,Pedro Peña,True,0.5244128108024597,train,test,test
HeStutters_22_97,HeStutters,22,97,20479680,20527680,fluent,Pamela Mertz,True,0.4215956032276153,train,test,test
WomenWhoStutter_100_8,WomenWhoStutter,100,8,9142720,9190720,repetition,Pamela Mertz,True,0.0561197586357593,train,test,test
WomenWhoStutter_5_24,WomenWhoStutter,5,24,27329600,27377600,fluent,Pamela Mertz,True,0.4588049948215484,train,test,test
MyStutteringLife_11_39,MyStutteringLife,11,39,13919840,13967840,prolongation,Pedro Peña,True,,train,test,test
StutteringIsCool_24_27,StutteringIsCool,24,27,21595840,21643840,fluent,Daniele Rossi,True,0.3308793604373932,train,test,test
StutterTalk_35_30,StutterTalk,35,30,36018880,36066880,interjection,Peter Reitzes,True,0.3304016590118408,train,test,test
WomenWhoStutter_21_100,WomenWhoStutter,21,100,15270560,15318560,prolongation,Pamela Mertz,True,0.4110286831855774,train,test,test
StutterTalk_26_17,StutterTalk,26,17,8263840,8311840,repetition,Peter Reitzes,True,0.5056943297386169,train,test,test
WomenWhoStutter_58_2,WomenWhoStutter,58,2,38524320,38572320,fluent,Pamela Mertz,True,0.5635802149772644,train,test,test
WomenWhoStutter_98_38,WomenWhoStutter,98,38,33075840,33123840,prolongation,Pamela Mertz,True,0.4536963105201721,train,test,test
HeStutters_5_93,HeStutters,5,93,18946080,18994080,interjection,Pamela Mertz,True,0.6160148978233337,train,test,test
HeStutters_22_77,HeStutters,22,77,15738720,15786720,block,Pamela Mertz,True,0.236273854970932,train,test,test
StutteringIsCool_34_103,StutteringIsCool,34,103,14128160,14176160,interjection,Daniele Rossi,True,0.2863201797008514,train,test,test
StutteringIsCool_52_24,StutteringIsCool,52,24,19306560,19354560,prolongation,Daniele Rossi,True,0.5247501730918884,train,test,test
WomenWhoStutter_81_139,WomenWhoStutter,81,139,24168160,24216160,block,Pamela Mertz,True,0.4723896980285644,train,test,test
HeStutters_5_92,HeStutters,5,92,18706240,18754240,repetition,Pamela Mertz,True,0.6098020672798157,train,test,test
WomenWhoStutter_16_34,WomenWhoStutter,16,34,36502560,36550560,block,Pamela Mertz,True,0.4902661442756653,train,test,test
WomenWhoStutter_88_67,WomenWhoStutter,88,67,11416640,11464640,block,Pamela Mertz,True,0.5140486359596252,train,test,test
WomenWhoStutter_19_137,WomenWhoStutter,19,137,17766880,17814880,block,Pamela Mertz,True,0.4694992005825043,train,test,test
WomenWhoStutter_57_106,WomenWhoStutter,57,106,8635040,8683040,repetition,Pamela Mertz,True,0.569058358669281,train,test,test
StutterTalk_41_22,StutterTalk,41,22,5397440,5445440,fluent,Peter Reitzes,True,0.3580597341060638,train,test,test
StutteringIsCool_10_28,StutteringIsCool,10,28,27306720,27354720,fluent,Daniele Rossi,True,,train,test,test
HeStutters_19_112,HeStutters,19,112,30171520,30219520,interjection,Pamela Mertz,True,0.4624379873275757,train,test,test
HeStutters_13_14,HeStutters,13,14,2121760,2169760,fluent,Pamela Mertz,True,0.4277505874633789,train,test,test
WomenWhoStutter_68_12,WomenWhoStutter,68,12,22390720,22438720,block,Pamela Mertz,True,0.2896417379379272,train,test,test
WomenWhoStutter_19_80,WomenWhoStutter,19,80,10493280,10541280,block,Pamela Mertz,True,0.4324591159820556,train,test,test
WomenWhoStutter_21_39,WomenWhoStutter,21,39,4499680,4547680,prolongation,Pamela Mertz,True,0.5965360999107361,train,test,test
HeStutters_7_9,HeStutters,7,9,9964320,10012320,fluent,Pamela Mertz,True,0.6343515515327454,train,test,test
MyStutteringLife_35_70,MyStutteringLife,35,70,18652320,18700320,fluent,Pedro Peña,True,,train,test,test
WomenWhoStutter_101_82,WomenWhoStutter,101,82,12904800,12952800,interjection,Pamela Mertz,True,0.5434058308601379,train,test,test
StutterTalk_26_45,StutterTalk,26,45,19482880,19530880,fluent,Peter Reitzes,True,0.3053545653820038,train,test,test
WomenWhoStutter_57_164,WomenWhoStutter,57,164,14778880,14826880,interjection,Pamela Mertz,True,0.280558168888092,train,test,test
WomenWhoStutter_20_20,WomenWhoStutter,20,20,18519360,18567360,block,Pamela Mertz,True,0.597688615322113,train,test,test
WomenWhoStutter_87_153,WomenWhoStutter,87,153,28344480,28392480,repetition,Pamela Mertz,True,0.3349643349647522,train,test,test
WomenWhoStutter_39_39,WomenWhoStutter,39,39,32840640,32888640,block,Pamela Mertz,True,0.3509036600589752,train,test,test
HeStutters_15_33,HeStutters,15,33,4873280,4921280,prolongation,Pamela Mertz,True,0.4498720467090606,train,test,test
WomenWhoStutter_72_12,WomenWhoStutter,72,12,22140640,22188640,fluent,Pamela Mertz,True,0.581680953502655,train,test,test
StutterTalk_25_76,StutterTalk,25,76,26838880,26886880,repetition,Peter Reitzes,True,0.2342539131641388,train,test,test
StutteringIsCool_11_6,StutteringIsCool,11,6,20056800,20104800,interjection,Daniele Rossi,True,,train,test,test
HeStutters_13_7,HeStutters,13,7,1612480,1660480,interjection,Pamela Mertz,True,0.2513161599636078,train,test,test
WomenWhoStutter_82_24,WomenWhoStutter,82,24,5504000,5552000,fluent,Pamela Mertz,True,0.521224319934845,train,test,test
HeStutters_8_161,HeStutters,8,161,35168320,35216320,fluent,Pamela Mertz,True,0.5266300439834595,train,test,test
WomenWhoStutter_62_174,WomenWhoStutter,62,174,25359840,25407840,prolongation,Pamela Mertz,True,0.4522249102592468,train,test,test
WomenWhoStutter_50_313,WomenWhoStutter,50,313,36625760,36673760,block,Pamela Mertz,True,0.5210244059562683,train,test,test
WomenWhoStutter_10_43,WomenWhoStutter,10,43,6076480,6124480,repetition,Pamela Mertz,True,0.5941534638404846,train,test,test
StutterTalk_53_24,StutterTalk,53,24,21454720,21502720,repetition,Peter Reitzes,True,0.5719915628433228,train,test,test
WomenWhoStutter_50_250,WomenWhoStutter,50,250,32539360,32587360,block,Pamela Mertz,True,0.5306496620178223,train,test,test
WomenWhoStutter_30_166,WomenWhoStutter,30,166,16857120,16905120,interjection,Pamela Mertz,True,0.5540145039558411,train,test,test
StutteringIsCool_73_16,StutteringIsCool,73,16,29556640,29604640,interjection,Daniele Rossi,True,0.4184351861476898,train,test,test
WomenWhoStutter_0_190,WomenWhoStutter,0,190,12679680,12727680,block,Pamela Mertz,True,0.476692259311676,train,test,test
StutterTalk_6_34,StutterTalk,6,34,65598880,65646880,fluent,Peter Reitzes,True,0.4009060561656952,train,test,test
WomenWhoStutter_21_76,WomenWhoStutter,21,76,9693280,9741280,interjection,Pamela Mertz,True,0.5277228355407715,train,test,test
WomenWhoStutter_45_10,WomenWhoStutter,45,10,25529120,25577120,interjection,Pamela Mertz,True,0.4648537039756775,train,test,test
WomenWhoStutter_39_86,WomenWhoStutter,39,86,1561760,1609760,interjection,Pamela Mertz,True,0.3327492773532867,train,test,test
StutteringIsCool_76_29,StutteringIsCool,76,29,28193280,28241280,interjection,Daniele Rossi,True,0.5895115733146667,train,test,test
HeStutters_22_134,HeStutters,22,134,29224000,29272000,interjection,Pamela Mertz,True,0.4267362356185913,train,test,test
MyStutteringLife_39_5,MyStutteringLife,39,5,66800640,66848640,interjection,Pedro Peña,True,0.4600943326950073,train,test,test
HeStutters_8_63,HeStutters,8,63,12981600,13029600,block,Pamela Mertz,True,0.524608850479126,train,test,test
HeStutters_20_122,HeStutters,20,122,1845440,1893440,interjection,Pamela Mertz,True,0.3555315434932709,train,test,test
MyStutteringLife_23_88,MyStutteringLife,23,88,33968640,34016640,fluent,Pedro Peña,True,0.5778318047523499,train,test,test
WomenWhoStutter_97_53,WomenWhoStutter,97,53,8562080,8610080,block,Pamela Mertz,True,0.257793515920639,train,test,test
HeStutters_22_95,HeStutters,22,95,20017760,20065760,interjection,Pamela Mertz,True,0.3725689947605133,train,test,test
WomenWhoStutter_6_113,WomenWhoStutter,6,113,10884800,10932800,interjection,Pamela Mertz,True,0.6016024947166443,train,test,test
WomenWhoStutter_88_217,WomenWhoStutter,88,217,44907040,44955040,interjection,Pamela Mertz,True,0.3677414655685425,train,test,test
StutteringIsCool_40_8,StutteringIsCool,40,8,6220320,6268320,prolongation,Daniele Rossi,True,0.5502347946166992,train,test,test
WomenWhoStutter_44_15,WomenWhoStutter,44,15,9357440,9405440,block,Pamela Mertz,True,0.4395299255847931,train,test,test
StutterTalk_20_38,StutterTalk,20,38,51595040,51643040,repetition,Peter Reitzes,True,0.2215947210788726,train,test,test
HeStutters_19_106,HeStutters,19,106,28971200,29019200,prolongation,Pamela Mertz,True,0.4193482995033264,train,test,test
MyStutteringLife_39_12,MyStutteringLife,39,12,28340960,28388960,fluent,Pedro Peña,True,0.4579344987869262,train,test,test
StutterTalk_40_16,StutterTalk,40,16,19817280,19865280,block,Peter Reitzes,True,0.2194514274597168,train,test,test
WomenWhoStutter_99_157,WomenWhoStutter,99,157,20459360,20507360,block,Pamela Mertz,True,0.6247909069061279,train,test,test
HeStutters_19_117,HeStutters,19,117,32184000,32232000,prolongation,Pamela Mertz,True,0.4988934695720672,train,test,test
HeStutters_22_161,HeStutters,22,161,34203520,34251520,repetition,Pamela Mertz,True,0.4309131503105163,train,test,test
StutteringIsCool_39_31,StutteringIsCool,39,31,13803200,13851200,fluent,Daniele Rossi,True,0.134526714682579,train,test,test
MyStutteringLife_32_44,MyStutteringLife,32,44,1979040,2027040,prolongation,Pedro Peña,True,,train,test,test
MyStutteringLife_30_138,MyStutteringLife,30,138,6867360,6915360,interjection,Pedro Peña,True,,train,test,test
WomenWhoStutter_34_75,WomenWhoStutter,34,75,11042240,11090240,block,Pamela Mertz,True,0.5976647734642029,train,test,test
WomenWhoStutter_42_261,WomenWhoStutter,42,261,24448480,24496480,repetition,Pamela Mertz,True,0.578245997428894,train,test,test
WomenWhoStutter_14_133,WomenWhoStutter,14,133,2327360,2375360,block,Pamela Mertz,True,0.5602180361747742,train,test,test
WomenWhoStutter_10_129,WomenWhoStutter,10,129,19155360,19203360,prolongation,Pamela Mertz,True,0.4840821623802185,train,test,test
StutteringIsCool_34_29,StutteringIsCool,34,29,25083200,25131200,interjection,Daniele Rossi,True,0.2641977071762085,train,test,test
WomenWhoStutter_92_32,WomenWhoStutter,92,32,38992640,39040640,prolongation,Pamela Mertz,True,0.2901727855205536,train,test,test
WomenWhoStutter_101_23,WomenWhoStutter,101,23,41530720,41578720,interjection,Pamela Mertz,True,0.5666043162345886,train,test,test
MyStutteringLife_14_24,MyStutteringLife,14,24,23467520,23515520,repetition,Pedro Peña,True,0.2705966234207153,train,test,test
WomenWhoStutter_94_35,WomenWhoStutter,94,35,31567520,31615520,interjection,Pamela Mertz,True,0.6174390912055969,train,test,test
WomenWhoStutter_50_224,WomenWhoStutter,50,224,30444320,30492320,fluent,Pamela Mertz,True,0.3311044871807098,train,test,test
StutterTalk_6_71,StutterTalk,6,71,19481600,19529600,fluent,Peter Reitzes,True,0.3650830388069153,train,test,test
MyStutteringLife_35_19,MyStutteringLife,35,19,67429600,67477600,prolongation,Pedro Peña,True,,train,test,test
HeStutters_6_8,HeStutters,6,8,27239040,27287040,fluent,Pamela Mertz,True,0.617343008518219,train,test,test
HeStutters_8_45,HeStutters,8,45,9902080,9950080,prolongation,Pamela Mertz,True,0.4931900203227997,train,test,test
WomenWhoStutter_2_148,WomenWhoStutter,2,148,27026880,27074880,interjection,Pamela Mertz,True,0.3016851842403412,train,test,test
MyStutteringLife_32_99,MyStutteringLife,32,99,4831520,4879520,block,Pedro Peña,True,,train,test,test
WomenWhoStutter_6_190,WomenWhoStutter,6,190,25530400,25578400,interjection,Pamela Mertz,True,0.5557120442390442,train,test,test
WomenWhoStutter_90_12,WomenWhoStutter,90,12,14164640,14212640,prolongation,Pamela Mertz,True,0.4207784831523895,train,test,test
WomenWhoStutter_97_174,WomenWhoStutter,97,174,29487680,29535680,fluent,Pamela Mertz,True,0.4789421260356903,train,test,test
HeStutters_6_183,HeStutters,6,183,10056480,10104480,interjection,Pamela Mertz,True,0.5822219252586365,train,test,test
StutteringIsCool_82_145,StutteringIsCool,82,145,10947520,10995520,fluent,Daniele Rossi,True,0.5140841007232666,train,test,test
StutterTalk_6_114,StutterTalk,6,114,25173760,25221760,repetition,Peter Reitzes,True,0.606723427772522,train,test,test
WomenWhoStutter_88_188,WomenWhoStutter,88,188,38902240,38950240,fluent,Pamela Mertz,True,0.5345814228057861,train,test,test
HeStutters_23_148,HeStutters,23,148,29180640,29228640,block,Pamela Mertz,True,0.2586615085601806,train,test,test
StutteringIsCool_4_2,StutteringIsCool,4,2,27204480,27252480,fluent,Daniele Rossi,True,0.4465843439102173,train,test,test
WomenWhoStutter_11_14,WomenWhoStutter,11,14,30965760,31013760,interjection,Pamela Mertz,True,0.5201240181922913,train,test,test
HeStutters_18_113,HeStutters,18,113,14981600,15029600,prolongation,Pamela Mertz,True,0.5569009184837341,train,test,test
WomenWhoStutter_19_65,WomenWhoStutter,19,65,8401280,8449280,repetition,Pamela Mertz,True,0.2638239562511444,train,test,test
MyStutteringLife_20_25,MyStutteringLife,20,25,7634720,7682720,repetition,Pedro Peña,True,0.1712715178728103,train,test,test
WomenWhoStutter_56_110,WomenWhoStutter,56,110,4637280,4685280,interjection,Pamela Mertz,True,0.6482311487197876,train,test,test
WomenWhoStutter_57_49,WomenWhoStutter,57,49,3984000,4032000,repetition,Pamela Mertz,True,0.5503551363945007,train,test,test
WomenWhoStutter_2_201,WomenWhoStutter,2,201,31667680,31715680,prolongation,Pamela Mertz,True,0.6374467611312866,train,test,test
StutteringIsCool_40_15,StutteringIsCool,40,15,8158240,8206240,prolongation,Daniele Rossi,True,0.5318982005119324,train,test,test
StutteringIsCool_10_18,StutteringIsCool,10,18,19184640,19232640,block,Daniele Rossi,True,,train,test,test
HeStutters_12_186,HeStutters,12,186,21822080,21870080,block,Pamela Mertz,True,0.532904863357544,train,test,test
HeStutters_19_1,HeStutters,19,1,45897120,45945120,block,Pamela Mertz,True,0.3802565634250641,train,test,test
WomenWhoStutter_26_17,WomenWhoStutter,26,17,8902560,8950560,block,Pamela Mertz,True,0.2468055039644241,train,test,test
HeStutters_7_28,HeStutters,7,28,32765280,32813280,fluent,Pamela Mertz,True,0.5766516327857971,train,test,test
WomenWhoStutter_19_136,WomenWhoStutter,19,136,17692960,17740960,block,Pamela Mertz,True,0.3398762941360473,train,test,test
WomenWhoStutter_30_36,WomenWhoStutter,30,36,2636480,2684480,block,Pamela Mertz,True,0.4597317576408386,train,test,test
WomenWhoStutter_88_210,WomenWhoStutter,88,210,42646080,42694080,repetition,Pamela Mertz,True,0.4052332639694214,train,test,test
StutteringIsCool_36_14,StutteringIsCool,36,14,4459040,4507040,interjection,Daniele Rossi,True,0.6729417443275452,train,test,test
WomenWhoStutter_2_80,WomenWhoStutter,2,80,13592160,13640160,block,Pamela Mertz,True,0.6271740198135376,train,test,test
HeStutters_18_72,HeStutters,18,72,10043360,10091360,repetition,Pamela Mertz,True,0.5020983219146729,train,test,test
HeStutters_1_91,HeStutters,1,91,39817440,39865440,prolongation,Pamela Mertz,True,0.4909912943840027,train,test,test
WomenWhoStutter_5_36,WomenWhoStutter,5,36,38804480,38852480,prolongation,Pamela Mertz,True,0.3841213881969452,train,test,test
HeStutters_6_186,HeStutters,6,186,10224320,10272320,prolongation,Pamela Mertz,True,0.6083082556724548,train,test,test
StutterTalk_33_168,StutterTalk,33,168,39916320,39964320,prolongation,Peter Reitzes,True,0.4396868050098419,train,test,test
WomenWhoStutter_98_16,WomenWhoStutter,98,16,7871840,7919840,repetition,Pamela Mertz,True,0.5516058206558228,train,test,test
WomenWhoStutter_19_105,WomenWhoStutter,19,105,1891520,1939520,fluent,Pamela Mertz,True,0.3530870378017425,train,test,test
StutteringIsCool_34_162,StutteringIsCool,34,162,4165440,4213440,repetition,Daniele Rossi,True,0.2738450169563293,train,test,test
WomenWhoStutter_39_223,WomenWhoStutter,39,223,28588640,28636640,fluent,Pamela Mertz,True,0.1544145047664642,train,test,test
WomenWhoStutter_99_6,WomenWhoStutter,99,6,32105120,32153120,repetition,Pamela Mertz,True,0.4749980866909027,train,test,test
StutteringIsCool_17_21,StutteringIsCool,17,21,12254400,12302400,fluent,Daniele Rossi,True,0.6350256204605103,train,test,test
StutteringIsCool_42_10,StutteringIsCool,42,10,24019840,24067840,block,Daniele Rossi,True,0.6941868662834167,train,test,test
HeStutters_19_75,HeStutters,19,75,21152640,21200640,fluent,Pamela Mertz,True,0.4617069065570831,train,test,test
MyStutteringLife_33_37,MyStutteringLife,33,37,5439360,5487360,fluent,Pedro Peña,True,,train,test,test
StutterTalk_4_12,StutterTalk,4,12,2260160,2308160,fluent,Peter Reitzes,True,0.6575532555580139,train,test,test
WomenWhoStutter_39_150,WomenWhoStutter,39,150,23898720,23946720,prolongation,Pamela Mertz,True,0.4547180533409118,train,test,test
StutterTalk_24_7,StutterTalk,24,7,31656480,31704480,fluent,Peter Reitzes,True,0.4134040772914886,train,test,test
HeStutters_1_63,HeStutters,1,63,34995840,35043840,prolongation,Pamela Mertz,True,0.4601806700229645,train,test,test
StutteringIsCool_41_15,StutteringIsCool,41,15,7127520,7175520,prolongation,Daniele Rossi,True,,train,test,test
MyStutteringLife_3_31,MyStutteringLife,3,31,45989120,46037120,prolongation,Pedro Peña,True,0.666841447353363,train,test,test
StutteringIsCool_3_6,StutteringIsCool,3,6,5084960,5132960,block,Daniele Rossi,True,0.4885439872741699,train,test,test
HeStutters_15_9,HeStutters,15,9,29883200,29931200,repetition,Pamela Mertz,True,0.5535430312156677,train,test,test
MyStutteringLife_32_35,MyStutteringLife,32,35,1389920,1437920,prolongation,Pedro Peña,True,,train,test,test
StutteringIsCool_40_0,StutteringIsCool,40,0,22396800,22444800,prolongation,Daniele Rossi,True,0.4883928596973419,train,test,test
MyStutteringLife_25_39,MyStutteringLife,25,39,26214880,26262880,interjection,Pedro Peña,True,0.5185689926147461,train,test,test
WomenWhoStutter_99_51,WomenWhoStutter,99,51,4443040,4491040,block,Pamela Mertz,True,0.5951312184333801,train,test,test
WomenWhoStutter_27_11,WomenWhoStutter,27,11,16076320,16124320,block,Pamela Mertz,True,0.5467292666435242,train,test,test
StutteringIsCool_77_29,StutteringIsCool,77,29,51261440,51309440,prolongation,Daniele Rossi,True,0.6024600267410278,train,test,test
HeStutters_18_67,HeStutters,18,67,9304480,9352480,interjection,Pamela Mertz,True,0.3559306263923645,train,test,test
WomenWhoStutter_19_167,WomenWhoStutter,19,167,20288960,20336960,block,Pamela Mertz,True,0.1832060515880584,train,test,test
HeStutters_15_27,HeStutters,15,27,3976320,4024320,prolongation,Pamela Mertz,True,0.4103473722934723,train,test,test
HeStutters_8_97,HeStutters,8,97,1713120,1761120,fluent,Pamela Mertz,True,0.4574131071567535,train,test,test
StutteringIsCool_34_115,StutteringIsCool,34,115,15284960,15332960,interjection,Daniele Rossi,True,0.2504574358463287,train,test,test
WomenWhoStutter_56_45,WomenWhoStutter,56,45,9108160,9156160,block,Pamela Mertz,True,0.3707799613475799,train,test,test
MyStutteringLife_23_42,MyStutteringLife,23,42,21900480,21948480,repetition,Pedro Peña,True,0.6156895756721497,train,test,test
WomenWhoStutter_71_36,WomenWhoStutter,71,36,33978560,34026560,interjection,Pamela Mertz,True,0.484459638595581,train,test,test
StutterTalk_6_103,StutterTalk,6,103,23792800,23840800,repetition,Peter Reitzes,True,0.0931056141853332,train,test,test
WomenWhoStutter_95_8,WomenWhoStutter,95,8,24058240,24106240,block,Pamela Mertz,True,0.2749905288219452,train,test,test
MyStutteringLife_34_34,MyStutteringLife,34,34,6360000,6408000,fluent,Pedro Peña,True,,train,test,test
StutterTalk_42_4,StutterTalk,42,4,6905280,6953280,block,Peter Reitzes,True,0.6206223964691162,train,test,test
StutteringIsCool_9_16,StutteringIsCool,9,16,21104480,21152480,fluent,Daniele Rossi,True,0.3776758909225464,train,test,test
WomenWhoStutter_57_140,WomenWhoStutter,57,140,12678240,12726240,fluent,Pamela Mertz,True,0.5295543670654297,train,test,test
WomenWhoStutter_11_27,WomenWhoStutter,11,27,1079040,1127040,block,Pamela Mertz,True,0.2626355588436126,train,test,test
WomenWhoStutter_20_39,WomenWhoStutter,20,39,34022560,34070560,fluent,Pamela Mertz,True,0.6033264994621277,train,test,test
HeStutters_12_65,HeStutters,12,65,3888160,3936160,prolongation,Pamela Mertz,True,0.4731453061103821,train,test,test
WomenWhoStutter_50_221,WomenWhoStutter,50,221,30316800,30364800,repetition,Pamela Mertz,True,0.4005093574523926,train,test,test
WomenWhoStutter_28_36,WomenWhoStutter,28,36,25084640,25132640,fluent,Pamela Mertz,True,0.5308769345283508,train,test,test
WomenWhoStutter_30_63,WomenWhoStutter,30,63,5550080,5598080,repetition,Pamela Mertz,True,0.5798642635345459,train,test,test
StutterTalk_43_6,StutterTalk,43,6,60047360,60095360,block,Peter Reitzes,True,0.5229893922805786,train,test,test
StutteringIsCool_51_20,StutteringIsCool,51,20,8194400,8242400,repetition,Daniele Rossi,True,,train,test,test
StutteringIsCool_58_18,StutteringIsCool,58,18,7987360,8035360,block,Daniele Rossi,True,0.4802919924259186,train,test,test
MyStutteringLife_32_54,MyStutteringLife,32,54,2759040,2807040,prolongation,Pedro Peña,True,,train,test,test
StutterTalk_47_26,StutterTalk,47,26,17664480,17712480,fluent,Peter Reitzes,True,0.5834914445877075,train,test,test
WomenWhoStutter_66_0,WomenWhoStutter,66,0,36255520,36303520,repetition,Pamela Mertz,True,0.4535353481769562,train,test,test
WomenWhoStutter_56_24,WomenWhoStutter,56,24,6401600,6449600,interjection,Pamela Mertz,True,0.5818886756896973,train,test,test
StutterTalk_33_170,StutterTalk,33,170,40989120,41037120,repetition,Peter Reitzes,True,0.4289427399635315,train,test,test
StutteringIsCool_52_32,StutteringIsCool,52,32,24890400,24938400,block,Daniele Rossi,True,0.4625852704048157,train,test,test
StutterTalk_23_23,StutterTalk,23,23,4021920,4069920,fluent,Peter Reitzes,True,0.429750919342041,train,test,test
MyStutteringLife_29_12,MyStutteringLife,29,12,2365920,2413920,block,Pedro Peña,True,,train,test,test
HeStutters_20_67,HeStutters,20,67,48594080,48642080,interjection,Pamela Mertz,True,0.3875692188739776,train,test,test
WomenWhoStutter_19_100,WomenWhoStutter,19,100,12629120,12677120,fluent,Pamela Mertz,True,0.5384438633918762,train,test,test
WomenWhoStutter_43_11,WomenWhoStutter,43,11,1876800,1924800,prolongation,Pamela Mertz,True,0.6756192445755005,train,test,test
HeStutters_5_165,HeStutters,5,165,32099040,32147040,interjection,Pamela Mertz,True,0.6598217487335205,train,test,test
MyStutteringLife_35_182,MyStutteringLife,35,182,44885440,44933440,interjection,Pedro Peña,True,,train,test,test
StutteringIsCool_71_16,StutteringIsCool,71,16,45452960,45500960,fluent,Daniele Rossi,True,0.5884309411048889,train,test,test
WomenWhoStutter_19_127,WomenWhoStutter,19,127,15762240,15810240,fluent,Pamela Mertz,True,0.1448502391576767,train,test,test
WomenWhoStutter_103_162,WomenWhoStutter,103,162,42632000,42680000,block,Pamela Mertz,True,0.532389760017395,train,test,test
HeStutters_2_115,HeStutters,2,115,13442080,13490080,interjection,Pamela Mertz,True,0.4057111740112304,train,test,test
HeStutters_19_170,HeStutters,19,170,43762720,43810720,fluent,Pamela Mertz,True,0.4522181153297424,train,test,test
MyStutteringLife_7_65,MyStutteringLife,7,65,8519680,8567680,interjection,Pedro Peña,True,0.5945929288864136,train,test,test
WomenWhoStutter_19_113,WomenWhoStutter,19,113,13977280,14025280,block,Pamela Mertz,True,0.422324001789093,train,test,test
MyStutteringLife_32_62,MyStutteringLife,32,62,2967680,3015680,block,Pedro Peña,True,,train,test,test
WomenWhoStutter_34_141,WomenWhoStutter,34,141,18961440,19009440,block,Pamela Mertz,True,0.6072768568992615,train,test,test
StutteringIsCool_46_114,StutteringIsCool,46,114,18241280,18289280,fluent,Daniele Rossi,True,0.5493701100349426,train,test,test
WomenWhoStutter_8_39,WomenWhoStutter,8,39,3501920,3549920,repetition,Pamela Mertz,True,0.1931547969579696,train,test,test
HeStutters_1_135,HeStutters,1,135,2934400,2982400,interjection,Pamela Mertz,True,0.49093958735466,train,test,test
WomenWhoStutter_64_24,WomenWhoStutter,64,24,22033920,22081920,block,Pamela Mertz,True,0.5478414297103882,train,test,test
WomenWhoStutter_29_5,WomenWhoStutter,29,5,5452640,5500640,block,Pamela Mertz,True,0.5724132657051086,train,test,test
StutterTalk_33_15,StutterTalk,33,15,51100960,51148960,prolongation,Peter Reitzes,True,0.3949802219867706,train,test,test
WomenWhoStutter_55_21,WomenWhoStutter,55,21,16254080,16302080,block,Pamela Mertz,True,0.6439293026924133,train,test,test
WomenWhoStutter_34_42,WomenWhoStutter,34,42,5068320,5116320,repetition,Pamela Mertz,True,0.5840165019035339,train,test,test
WomenWhoStutter_5_2,WomenWhoStutter,5,2,45072480,45120480,repetition,Pamela Mertz,True,0.4985610246658325,train,test,test
MyStutteringLife_30_112,MyStutteringLife,30,112,5747520,5795520,fluent,Pedro Peña,True,,train,test,test
HeStutters_8_10,HeStutters,8,10,42128640,42176640,repetition,Pamela Mertz,True,0.4818430542945862,train,test,test
HeStutters_5_162,HeStutters,5,162,31927040,31975040,fluent,Pamela Mertz,True,0.5699322819709778,train,test,test
HeStutters_20_41,HeStutters,20,41,5312320,5360320,repetition,Pamela Mertz,True,0.3517415821552276,train,test,test
StutterTalk_25_185,StutterTalk,25,185,6558400,6606400,interjection,Peter Reitzes,True,0.4398251175880432,train,test,test
WomenWhoStutter_74_168,WomenWhoStutter,74,168,23479520,23527520,repetition,Pamela Mertz,True,0.660112202167511,train,test,test
MyStutteringLife_30_63,MyStutteringLife,30,63,3108320,3156320,fluent,Pedro Peña,True,,train,test,test
HeStutters_13_23,HeStutters,13,23,23081120,23129120,prolongation,Pamela Mertz,True,0.3855797350406647,train,test,test
StutterTalk_33_19,StutterTalk,33,19,52365120,52413120,block,Peter Reitzes,True,0.3985057473182678,train,test,test
WomenWhoStutter_103_134,WomenWhoStutter,103,134,34894560,34942560,block,Pamela Mertz,True,0.6067734956741333,train,test,test
WomenWhoStutter_99_197,WomenWhoStutter,99,197,26967520,27015520,prolongation,Pamela Mertz,True,0.5932979583740234,train,test,test
StutteringIsCool_46_14,StutteringIsCool,46,14,30492160,30540160,repetition,Daniele Rossi,True,0.5883374810218811,train,test,test
StutterTalk_32_5,StutterTalk,32,5,29479680,29527680,interjection,Peter Reitzes,True,0.3903259932994842,train,test,test
WomenWhoStutter_30_15,WomenWhoStutter,30,15,23131520,23179520,interjection,Pamela Mertz,True,0.5166535377502441,train,test,test
WomenWhoStutter_19_82,WomenWhoStutter,19,82,11012160,11060160,prolongation,Pamela Mertz,True,0.4985233247280121,train,test,test
HeStutters_5_22,HeStutters,5,22,4508160,4556160,interjection,Pamela Mertz,True,0.6124173998832703,train,test,test
WomenWhoStutter_94_19,WomenWhoStutter,94,19,17001280,17049280,interjection,Pamela Mertz,True,0.4426228702068329,train,test,test
MyStutteringLife_23_59,MyStutteringLife,23,59,31696800,31744800,fluent,Pedro Peña,True,0.6067429184913635,train,test,test
WomenWhoStutter_21_169,WomenWhoStutter,21,169,24335840,24383840,block,Pamela Mertz,True,0.5567845106124878,train,test,test
MyStutteringLife_7_101,MyStutteringLife,7,101,24774560,24822560,repetition,Pedro Peña,True,0.6065610647201538,train,test,test
WomenWhoStutter_98_10,WomenWhoStutter,98,10,3493280,3541280,repetition,Pamela Mertz,True,0.1763354688882827,train,test,test
StutterTalk_43_144,StutterTalk,43,144,40256000,40304000,prolongation,Peter Reitzes,True,0.3582273423671722,train,test,test
WomenWhoStutter_6_109,WomenWhoStutter,6,109,10674720,10722720,repetition,Pamela Mertz,True,0.3040967285633087,train,test,test
WomenWhoStutter_19_9,WomenWhoStutter,19,9,26764800,26812800,prolongation,Pamela Mertz,True,0.3940237462520599,train,test,test
WomenWhoStutter_23_26,WomenWhoStutter,23,26,11152160,11200160,block,Pamela Mertz,True,0.6661730408668518,train,test,test
StutterTalk_26_119,StutterTalk,26,119,49031360,49079360,interjection,Peter Reitzes,True,0.5465960502624512,train,test,test
StutterTalk_48_24,StutterTalk,48,24,32924800,32972800,interjection,Peter Reitzes,True,0.5899804830551147,train,test,test
WomenWhoStutter_19_98,WomenWhoStutter,19,98,12483840,12531840,block,Pamela Mertz,True,0.4427366554737091,train,test,test
StutteringIsCool_82_16,StutteringIsCool,82,16,13556000,13604000,prolongation,Daniele Rossi,True,0.5046923756599426,train,test,test
StutteringIsCool_82_3,StutteringIsCool,82,3,12675040,12723040,fluent,Daniele Rossi,True,0.4730385541915893,train,test,test
WomenWhoStutter_96_12,WomenWhoStutter,96,12,47992320,48040320,fluent,Pamela Mertz,True,0.5948240756988525,train,test,test
WomenWhoStutter_25_18,WomenWhoStutter,25,18,13966560,14014560,block,Pamela Mertz,True,0.6016392707824707,train,test,test
WomenWhoStutter_62_211,WomenWhoStutter,62,211,30152160,30200160,prolongation,Pamela Mertz,True,0.3430531322956085,train,test,test
HeStutters_6_67,HeStutters,6,67,35108000,35156000,interjection,Pamela Mertz,True,0.3961168825626373,train,test,test
StutteringIsCool_80_163,StutteringIsCool,80,163,17371360,17419360,fluent,Daniele Rossi,True,0.5581444501876831,train,test,test
StutterTalk_43_60,StutterTalk,43,60,16784480,16832480,interjection,Peter Reitzes,True,0.4673264026641845,train,test,test
WomenWhoStutter_0_177,WomenWhoStutter,0,177,1748800,1796800,prolongation,Pamela Mertz,True,-0.0003172655124217,train,test,test
HeStutters_21_122,HeStutters,21,122,19125440,19173440,repetition,Pamela Mertz,True,0.5938657522201538,train,test,test
StutteringIsCool_34_58,StutteringIsCool,34,58,10448960,10496960,interjection,Daniele Rossi,True,0.136067047715187,train,test,test
WomenWhoStutter_57_78,WomenWhoStutter,57,78,6047840,6095840,interjection,Pamela Mertz,True,0.4968515336513519,train,test,test
StutterTalk_21_22,StutterTalk,21,22,44404800,44452800,fluent,Peter Reitzes,True,0.574296236038208,train,test,test
WomenWhoStutter_57_41,WomenWhoStutter,57,41,2846880,2894880,repetition,Pamela Mertz,True,0.4545556306838989,train,test,test
MyStutteringLife_25_27,MyStutteringLife,25,27,11303200,11351200,interjection,Pedro Peña,True,0.4271329939365387,train,test,test
WomenWhoStutter_19_193,WomenWhoStutter,19,193,23406560,23454560,fluent,Pamela Mertz,True,0.4528301358222961,train,test,test
HeStutters_16_32,HeStutters,16,32,44976160,45024160,block,Pamela Mertz,True,0.3832857012748718,train,test,test
StutteringIsCool_56_13,StutteringIsCool,56,13,16133280,16181280,interjection,Daniele Rossi,True,0.3310555517673492,train,test,test
StutteringIsCool_12_12,StutteringIsCool,12,12,9056640,9104640,repetition,Daniele Rossi,True,0.253849983215332,train,test,test
StutteringIsCool_34_64,StutteringIsCool,34,64,10595840,10643840,repetition,Daniele Rossi,True,0.2589979171752929,train,test,test
WomenWhoStutter_19_58,WomenWhoStutter,19,58,7188000,7236000,prolongation,Pamela Mertz,True,0.3926603496074676,train,test,test
WomenWhoStutter_17_21,WomenWhoStutter,17,21,11077440,11125440,block,Pamela Mertz,True,0.2881552577018738,train,test,test
MyStutteringLife_35_194,MyStutteringLife,35,194,52941440,52989440,repetition,Pedro Peña,True,,train,test,test
WomenWhoStutter_107_32,WomenWhoStutter,107,32,20128640,20176640,repetition,Pamela Mertz,True,0.1106359437108039,train,test,test
StutteringIsCool_51_6,StutteringIsCool,51,6,19003840,19051840,fluent,Daniele Rossi,True,,train,test,test
HeStutters_20_69,HeStutters,20,69,48681440,48729440,interjection,Pamela Mertz,True,0.5540682673454285,train,test,test
WomenWhoStutter_107_39,WomenWhoStutter,107,39,29318240,29366240,block,Pamela Mertz,True,0.5057893395423889,train,test,test
StutteringIsCool_43_9,StutteringIsCool,43,9,43161120,43209120,repetition,Daniele Rossi,True,0.3430647552013397,train,test,test
WomenWhoStutter_42_200,WomenWhoStutter,42,200,1410880,1458880,prolongation,Pamela Mertz,True,0.4341004192829132,train,test,test
WomenWhoStutter_99_124,WomenWhoStutter,99,124,1914080,1962080,prolongation,Pamela Mertz,True,0.4966061413288116,train,test,test
WomenWhoStutter_19_29,WomenWhoStutter,19,29,32625600,32673600,prolongation,Pamela Mertz,True,0.5212483406066895,train,test,test
WomenWhoStutter_50_297,WomenWhoStutter,50,297,35840000,35888000,prolongation,Pamela Mertz,True,0.2732940018177032,train,test,test
HeStutters_20_113,HeStutters,20,113,11591040,11639040,repetition,Pamela Mertz,True,0.3722005486488342,train,test,test
StutteringIsCool_24_17,StutteringIsCool,24,17,17304000,17352000,repetition,Daniele Rossi,True,0.5852126479148865,train,test,test
HeStutters_6_137,HeStutters,6,137,46035520,46083520,block,Pamela Mertz,True,0.6309926509857178,train,test,test
WomenWhoStutter_81_62,WomenWhoStutter,81,62,13466880,13514880,repetition,Pamela Mertz,True,0.3312883973121643,train,test,test
WomenWhoStutter_21_154,WomenWhoStutter,21,154,3338560,3386560,repetition,Pamela Mertz,True,0.369169682264328,train,test,test
HeStutters_21_124,HeStutters,21,124,19743200,19791200,block,Pamela Mertz,True,0.370362639427185,train,test,test
StutteringIsCool_25_33,StutteringIsCool,25,33,15074400,15122400,fluent,Daniele Rossi,True,,train,test,test
MyStutteringLife_23_119,MyStutteringLife,23,119,38322560,38370560,interjection,Pedro Peña,True,0.4241295754909515,train,test,test
HeStutters_18_90,HeStutters,18,90,12267840,12315840,prolongation,Pamela Mertz,True,0.5458346009254456,train,test,test
MyStutteringLife_35_58,MyStutteringLife,35,58,14948320,14996320,fluent,Pedro Peña,True,,train,test,test
WomenWhoStutter_99_10,WomenWhoStutter,99,10,33136800,33184800,block,Pamela Mertz,True,0.3919370472431183,train,test,test
WomenWhoStutter_77_15,WomenWhoStutter,77,15,2226240,2274240,interjection,Pamela Mertz,True,0.5371943712234497,train,test,test
StutterTalk_33_126,StutterTalk,33,126,29278880,29326880,block,Peter Reitzes,True,0.4404033422470093,train,test,test
MyStutteringLife_37_24,MyStutteringLife,37,24,5351680,5399680,block,Pedro Peña,True,,train,test,test
HeStutters_12_117,HeStutters,12,117,10482720,10530720,prolongation,Pamela Mertz,True,0.5113536715507507,train,test,test
WomenWhoStutter_14_160,WomenWhoStutter,14,160,20822400,20870400,block,Pamela Mertz,True,0.6503169536590576,train,test,test
WomenWhoStutter_4_5,WomenWhoStutter,4,5,7926080,7974080,block,Pamela Mertz,True,0.3607948422431946,train,test,test
WomenWhoStutter_21_45,WomenWhoStutter,21,45,5984000,6032000,prolongation,Pamela Mertz,True,0.4758624732494354,train,test,test
WomenWhoStutter_38_35,WomenWhoStutter,38,35,30008480,30056480,prolongation,Pamela Mertz,True,0.4933106601238251,train,test,test
StutteringIsCool_82_90,StutteringIsCool,82,90,731520,779520,repetition,Daniele Rossi,True,0.2059339582920074,train,test,test
HeStutters_21_216,HeStutters,21,216,38394880,38442880,repetition,Pamela Mertz,True,0.3619242012500763,train,test,test
MyStutteringLife_17_11,MyStutteringLife,17,11,15394880,15442880,repetition,Pedro Peña,True,0.5558404922485352,train,test,test
WomenWhoStutter_74_106,WomenWhoStutter,74,106,14460800,14508800,fluent,Pamela Mertz,True,0.519178032875061,train,test,test
StutterTalk_50_7,StutterTalk,50,7,9336960,9384960,interjection,Peter Reitzes,True,0.4709770977497101,train,test,test
StutteringIsCool_25_9,StutteringIsCool,25,9,8702080,8750080,interjection,Daniele Rossi,True,,train,test,test
HeStutters_16_107,HeStutters,16,107,20596640,20644640,block,Pamela Mertz,True,0.4814797341823578,train,test,test
WomenWhoStutter_19_148,WomenWhoStutter,19,148,18772800,18820800,repetition,Pamela Mertz,True,0.5311923623085022,train,test,test
StutterTalk_36_14,StutterTalk,36,14,17019040,17067040,repetition,Peter Reitzes,True,0.3936521410942077,train,test,test
WomenWhoStutter_2_79,WomenWhoStutter,2,79,13562880,13610880,fluent,Pamela Mertz,True,0.6943889260292053,train,test,test
StutteringIsCool_31_14,StutteringIsCool,31,14,4967840,5015840,repetition,Daniele Rossi,True,,train,test,test
StutterTalk_26_164,StutterTalk,26,164,65506240,65554240,repetition,Peter Reitzes,True,0.5613358020782471,train,test,test
StutteringIsCool_4_38,StutteringIsCool,4,38,4888800,4936800,fluent,Daniele Rossi,True,0.3925615847110748,train,test,test
MyStutteringLife_23_124,MyStutteringLife,23,124,40752480,40800480,fluent,Pedro Peña,True,0.5946276783943176,train,test,test
StutterTalk_71_38,StutterTalk,71,38,20584640,20632640,fluent,Peter Reitzes,True,0.4976593554019928,train,test,test
WomenWhoStutter_0_93,WomenWhoStutter,0,93,39224480,39272480,prolongation,Pamela Mertz,True,0.3408955931663513,train,test,test
StutterTalk_45_4,StutterTalk,45,4,18728960,18776960,fluent,Peter Reitzes,True,0.43606036901474,train,test,test
MyStutteringLife_38_24,MyStutteringLife,38,24,45599040,45647040,prolongation,Pedro Peña,True,0.6081078052520752,train,test,test
WomenWhoStutter_65_18,WomenWhoStutter,65,18,13492320,13540320,prolongation,Pamela Mertz,True,0.3274828493595123,train,test,test
WomenWhoStutter_14_195,WomenWhoStutter,14,195,26318400,26366400,prolongation,Pamela Mertz,True,0.5998327136039734,train,test,test
HeStutters_1_163,HeStutters,1,163,15381440,15429440,repetition,Pamela Mertz,True,0.6069289445877075,train,test,test
WomenWhoStutter_42_116,WomenWhoStutter,42,116,4654720,4702720,repetition,Pamela Mertz,True,0.5678623914718628,train,test,test
WomenWhoStutter_66_5,WomenWhoStutter,66,5,38110720,38158720,block,Pamela Mertz,True,0.2399860769510269,train,test,test
WomenWhoStutter_84_22,WomenWhoStutter,84,22,24690400,24738400,prolongation,Pamela Mertz,True,0.4497275948524475,train,test,test
WomenWhoStutter_87_124,WomenWhoStutter,87,124,22894080,22942080,block,Pamela Mertz,True,0.2046702355146408,train,test,test
MyStutteringLife_35_89,MyStutteringLife,35,89,25785120,25833120,fluent,Pedro Peña,True,,train,test,test
WomenWhoStutter_99_226,WomenWhoStutter,99,226,30710400,30758400,fluent,Pamela Mertz,True,0.4328084886074066,train,test,test
StutterTalk_6_72,StutterTalk,6,72,19942560,19990560,interjection,Peter Reitzes,True,0.5638220310211182,train,test,test
HeStutters_6_81,HeStutters,6,81,37357280,37405280,block,Pamela Mertz,True,0.5401492118835449,train,test,test
WomenWhoStutter_14_83,WomenWhoStutter,14,83,12408320,12456320,block,Pamela Mertz,True,0.5616688132286072,train,test,test
WomenWhoStutter_50_306,WomenWhoStutter,50,306,36248320,36296320,block,Pamela Mertz,True,0.4372687339782715,train,test,test
WomenWhoStutter_1_110,WomenWhoStutter,1,110,22687520,22735520,interjection,Pamela Mertz,True,0.4878624081611633,train,test,test
MyStutteringLife_23_7,MyStutteringLife,23,7,10551040,10599040,repetition,Pedro Peña,True,0.5184191465377808,train,test,test
HeStutters_15_78,HeStutters,15,78,1320160,1368160,prolongation,Pamela Mertz,True,0.4204418957233429,train,test,test
StutterTalk_6_187,StutterTalk,6,187,41343360,41391360,interjection,Peter Reitzes,True,0.6038185954093933,train,test,test
StutterTalk_24_25,StutterTalk,24,25,69659840,69707840,fluent,Peter Reitzes,True,0.4416436553001404,train,test,test
StutterTalk_52_7,StutterTalk,52,7,28669600,28717600,repetition,Peter Reitzes,True,0.4526418447494507,train,test,test
WomenWhoStutter_87_24,WomenWhoStutter,87,24,5161440,5209440,block,Pamela Mertz,True,0.2642468810081482,train,test,test
StutteringIsCool_29_1,StutteringIsCool,29,1,24913120,24961120,prolongation,Daniele Rossi,True,0.6309194564819336,train,test,test
MyStutteringLife_23_9,MyStutteringLife,23,9,10639040,10687040,fluent,Pedro Peña,True,0.1057341992855072,train,test,test
WomenWhoStutter_88_154,WomenWhoStutter,88,154,29568480,29616480,fluent,Pamela Mertz,True,0.1926442682743072,train,test,test
StutteringIsCool_31_37,StutteringIsCool,31,37,1466240,1514240,interjection,Daniele Rossi,True,,train,test,test
HeStutters_15_26,HeStutters,15,26,3612800,3660800,prolongation,Pamela Mertz,True,0.5448500514030457,train,test,test
WomenWhoStutter_74_79,WomenWhoStutter,74,79,10965120,11013120,block,Pamela Mertz,True,0.4310490787029266,train,test,test
WomenWhoStutter_88_63,WomenWhoStutter,88,63,1422400,1470400,prolongation,Pamela Mertz,True,0.3243832290172577,train,test,test
HeStutters_5_195,HeStutters,5,195,42682080,42730080,repetition,Pamela Mertz,True,0.6110722422599792,train,test,test
StutteringIsCool_83_21,StutteringIsCool,83,21,4903680,4951680,interjection,Daniele Rossi,True,0.3182237148284912,train,test,test
HeStutters_8_159,HeStutters,8,159,34336960,34384960,repetition,Pamela Mertz,True,0.6759414076805115,train,test,test
HeStutters_21_108,HeStutters,21,108,16113920,16161920,repetition,Pamela Mertz,True,0.4965468347072601,train,test,test
HeStutters_1_144,HeStutters,1,144,13032640,13080640,prolongation,Pamela Mertz,True,0.5880007147789001,train,test,test
WomenWhoStutter_42_35,WomenWhoStutter,42,35,31604320,31652320,fluent,Pamela Mertz,True,0.5865811109542847,train,test,test
WomenWhoStutter_60_3,WomenWhoStutter,60,3,28094240,28142240,fluent,Pamela Mertz,True,0.4150561392307281,train,test,test
WomenWhoStutter_50_453,WomenWhoStutter,50,453,14688800,14736800,prolongation,Pamela Mertz,True,0.4143981337547302,train,test,test
WomenWhoStutter_0_158,WomenWhoStutter,0,158,8326080,8374080,interjection,Pamela Mertz,True,0.498038649559021,train,test,test
HeStutters_22_136,HeStutters,22,136,29536160,29584160,interjection,Pamela Mertz,True,0.5647280216217041,train,test,test
WomenWhoStutter_0_120,WomenWhoStutter,0,120,41479360,41527360,block,Pamela Mertz,True,0.4915062487125397,train,test,test
WomenWhoStutter_10_143,WomenWhoStutter,10,143,21908320,21956320,prolongation,Pamela Mertz,True,0.5785303711891174,train,test,test
WomenWhoStutter_50_72,WomenWhoStutter,50,72,21782720,21830720,block,Pamela Mertz,True,0.5867582559585571,train,test,test
WomenWhoStutter_68_25,WomenWhoStutter,68,25,34287520,34335520,repetition,Pamela Mertz,True,0.3758572041988373,train,test,test
MyStutteringLife_32_106,MyStutteringLife,32,106,5274880,5322880,fluent,Pedro Peña,True,,train,test,test
WomenWhoStutter_37_32,WomenWhoStutter,37,32,29189120,29237120,interjection,Pamela Mertz,True,0.3031563758850097,train,test,test
WomenWhoStutter_50_352,WomenWhoStutter,50,352,40260000,40308000,prolongation,Pamela Mertz,True,0.3859660923480987,train,test,test
WomenWhoStutter_10_198,WomenWhoStutter,10,198,2441600,2489600,prolongation,Pamela Mertz,True,0.5470259189605713,train,test,test
MyStutteringLife_26_15,MyStutteringLife,26,15,3510240,3558240,fluent,Pedro Peña,True,,train,test,test
StutterTalk_35_12,StutterTalk,35,12,13476800,13524800,repetition,Peter Reitzes,True,0.5762789249420166,train,test,test
WomenWhoStutter_77_10,WomenWhoStutter,77,10,1808800,1856800,interjection,Pamela Mertz,True,0.6728920936584473,train,test,test
WomenWhoStutter_25_25,WomenWhoStutter,25,25,23292000,23340000,interjection,Pamela Mertz,True,0.1633961200714111,train,test,test
StutterTalk_43_214,StutterTalk,43,214,57811360,57859360,block,Peter Reitzes,True,0.4701261818408966,train,test,test
WomenWhoStutter_21_121,WomenWhoStutter,21,121,18142240,18190240,prolongation,Pamela Mertz,True,0.3871991336345672,train,test,test
WomenWhoStutter_66_33,WomenWhoStutter,66,33,31932960,31980960,block,Pamela Mertz,True,0.5845504999160767,train,test,test
WomenWhoStutter_19_79,WomenWhoStutter,19,79,10411520,10459520,repetition,Pamela Mertz,True,0.3962076604366302,train,test,test
WomenWhoStutter_88_197,WomenWhoStutter,88,197,40988320,41036320,interjection,Pamela Mertz,True,0.3500908315181732,train,test,test
WomenWhoStutter_33_29,WomenWhoStutter,33,29,24189440,24237440,prolongation,Pamela Mertz,True,0.2092320472002029,train,test,test
MyStutteringLife_35_163,MyStutteringLife,35,163,34024320,34072320,interjection,Pedro Peña,True,,train,test,test
HeStutters_15_185,HeStutters,15,185,27389920,27437920,interjection,Pamela Mertz,True,0.3624124228954315,train,test,test
WomenWhoStutter_96_133,WomenWhoStutter,96,133,34747520,34795520,interjection,Pamela Mertz,True,0.1791939586400985,train,test,test
StutterTalk_7_7,StutterTalk,7,7,1353760,1401760,fluent,Peter Reitzes,True,0.3694146871566772,train,test,test
StutteringIsCool_46_117,StutteringIsCool,46,117,18469280,18517280,prolongation,Daniele Rossi,True,0.3671478629112243,train,test,test
StutteringIsCool_26_28,StutteringIsCool,26,28,22022080,22070080,fluent,Daniele Rossi,True,,train,test,test
MyStutteringLife_35_104,MyStutteringLife,35,104,28938880,28986880,block,Pedro Peña,True,,train,test,test
MyStutteringLife_32_46,MyStutteringLife,32,46,2060480,2108480,fluent,Pedro Peña,True,,train,test,test
WomenWhoStutter_18_4,WomenWhoStutter,18,4,4943040,4991040,repetition,Pamela Mertz,True,0.1304302960634231,train,test,test
HeStutters_1_15,HeStutters,1,15,30017440,30065440,prolongation,Pamela Mertz,True,0.5067000389099121,train,test,test
MyStutteringLife_19_29,MyStutteringLife,19,29,27763040,27811040,fluent,Pedro Peña,True,0.4938905239105224,train,test,test
WomenWhoStutter_90_10,WomenWhoStutter,90,10,13301760,13349760,prolongation,Pamela Mertz,True,0.2647236287593841,train,test,test
MyStutteringLife_34_10,MyStutteringLife,34,10,3135840,3183840,block,Pedro Peña,True,,train,test,test
StutterTalk_4_6,StutterTalk,4,6,16363200,16411200,interjection,Peter Reitzes,True,0.5105249881744385,train,test,test
WomenWhoStutter_101_126,WomenWhoStutter,101,126,21312640,21360640,fluent,Pamela Mertz,True,0.1527906358242035,train,test,test
WomenWhoStutter_74_97,WomenWhoStutter,74,97,12972800,13020800,repetition,Pamela Mertz,True,0.6201924085617065,train,test,test
MyStutteringLife_7_130,MyStutteringLife,7,130,32020640,32068640,fluent,Pedro Peña,True,0.6823853254318237,train,test,test
StutteringIsCool_45_4,StutteringIsCool,45,4,6129760,6177760,block,Daniele Rossi,True,0.570534884929657,train,test,test
StutteringIsCool_52_3,StutteringIsCool,52,3,32544000,32592000,prolongation,Daniele Rossi,True,0.4474536776542663,train,test,test
WomenWhoStutter_0_142,WomenWhoStutter,0,142,4480160,4528160,interjection,Pamela Mertz,True,0.4833413362503052,train,test,test
StutterTalk_43_2,StutterTalk,43,2,58556000,58604000,block,Peter Reitzes,True,0.4634140133857727,train,test,test
WomenWhoStutter_99_109,WomenWhoStutter,99,109,12746880,12794880,prolongation,Pamela Mertz,True,0.4635660648345947,train,test,test
WomenWhoStutter_46_15,WomenWhoStutter,46,15,835200,883200,fluent,Pamela Mertz,True,0.3168302774429321,train,test,test
WomenWhoStutter_39_168,WomenWhoStutter,39,168,25227520,25275520,prolongation,Pamela Mertz,True,0.3370774686336517,train,test,test
HeStutters_20_174,HeStutters,20,174,22600160,22648160,block,Pamela Mertz,True,0.4941550195217132,train,test,test
StutteringIsCool_47_38,StutteringIsCool,47,38,31894880,31942880,repetition,Daniele Rossi,True,0.583599328994751,train,test,test
WomenWhoStutter_12_14,WomenWhoStutter,12,14,9921120,9969120,interjection,Pamela Mertz,True,0.3229573667049408,train,test,test
WomenWhoStutter_0_77,WomenWhoStutter,0,77,37676640,37724640,prolongation,Pamela Mertz,True,0.1929889619350433,train,test,test
StutterTalk_27_1,StutterTalk,27,1,2711200,2759200,prolongation,Peter Reitzes,True,0.3693907856941223,train,test,test
WomenWhoStutter_51_36,WomenWhoStutter,51,36,27033760,27081760,fluent,Pamela Mertz,True,0.5267188549041748,train,test,test
WomenWhoStutter_64_17,WomenWhoStutter,64,17,5121120,5169120,prolongation,Pamela Mertz,True,0.1374640315771103,train,test,test
WomenWhoStutter_106_15,WomenWhoStutter,106,15,7397920,7445920,fluent,Pamela Mertz,True,,train,test,test
StutterTalk_28_12,StutterTalk,28,12,2401440,2449440,block,Peter Reitzes,True,0.306416392326355,train,test,test
StutteringIsCool_52_10,StutteringIsCool,52,10,2941920,2989920,prolongation,Daniele Rossi,True,0.4591052532196045,train,test,test
HeStutters_18_179,HeStutters,18,179,26419520,26467520,repetition,Pamela Mertz,True,0.4614687860012054,train,test,test
HeStutters_15_2,HeStutters,15,2,28476800,28524800,interjection,Pamela Mertz,True,0.2767988443374634,train,test,test
StutteringIsCool_46_9,StutteringIsCool,46,9,30033120,30081120,repetition,Daniele Rossi,True,0.5706362724304199,train,test,test
WomenWhoStutter_1_188,WomenWhoStutter,1,188,32904800,32952800,fluent,Pamela Mertz,True,0.5069140195846558,train,test,test
WomenWhoStutter_9_19,WomenWhoStutter,9,19,18145440,18193440,interjection,Pamela Mertz,True,0.5561985373497009,train,test,test
WomenWhoStutter_1_145,WomenWhoStutter,1,145,26780960,26828960,repetition,Pamela Mertz,True,0.4368338584899902,train,test,test
StutterTalk_43_196,StutterTalk,43,196,53212800,53260800,repetition,Peter Reitzes,True,0.5081477761268616,train,test,test
HeStutters_6_44,HeStutters,6,44,31830080,31878080,prolongation,Pamela Mertz,True,0.6263732314109802,train,test,test
WomenWhoStutter_72_33,WomenWhoStutter,72,33,39298400,39346400,fluent,Pamela Mertz,True,0.3028894364833832,train,test,test
WomenWhoStutter_5_0,WomenWhoStutter,5,0,44285920,44333920,repetition,Pamela Mertz,True,0.5024608373641968,train,test,test
WomenWhoStutter_19_16,WomenWhoStutter,19,16,2745120,2793120,prolongation,Pamela Mertz,True,0.2306541353464126,train,test,test
StutteringIsCool_34_47,StutteringIsCool,34,47,26393760,26441760,interjection,Daniele Rossi,True,0.3522372543811798,train,test,test
MyStutteringLife_30_144,MyStutteringLife,30,144,1031200,1079200,repetition,Pedro Peña,True,,train,test,test
StutteringIsCool_81_9,StutteringIsCool,81,9,8683200,8731200,prolongation,Daniele Rossi,True,0.4833880066871643,train,test,test
MyStutteringLife_35_4,MyStutteringLife,35,4,60991840,61039840,block,Pedro Peña,True,,train,test,test
StutterTalk_43_138,StutterTalk,43,138,5612000,5660000,fluent,Peter Reitzes,True,0.468304306268692,train,test,test
HeStutters_18_38,HeStutters,18,38,4736960,4784960,fluent,Pamela Mertz,True,0.5803921222686768,train,test,test
StutteringIsCool_39_25,StutteringIsCool,39,25,12373120,12421120,prolongation,Daniele Rossi,True,0.607613742351532,train,test,test
StutteringIsCool_11_10,StutteringIsCool,11,10,6015200,6063200,fluent,Daniele Rossi,True,,train,test,test
StutteringIsCool_34_10,StutteringIsCool,34,10,22250880,22298880,interjection,Daniele Rossi,True,0.3326407074928283,train,test,test
StutteringIsCool_42_12,StutteringIsCool,42,12,24388000,24436000,fluent,Daniele Rossi,True,0.6199268102645874,train,test,test
WomenWhoStutter_39_53,WomenWhoStutter,39,53,36530720,36578720,interjection,Pamela Mertz,True,0.2683645784854889,train,test,test
WomenWhoStutter_50_88,WomenWhoStutter,50,88,22586720,22634720,fluent,Pamela Mertz,True,0.5176765322685242,train,test,test
WomenWhoStutter_18_34,WomenWhoStutter,18,34,33688960,33736960,interjection,Pamela Mertz,True,0.3665126264095306,train,test,test
HeStutters_22_26,HeStutters,22,26,48603200,48651200,repetition,Pamela Mertz,True,0.5015215277671814,train,test,test
HeStutters_1_265,HeStutters,1,265,27487840,27535840,fluent,Pamela Mertz,True,0.526313066482544,train,test,test
WomenWhoStutter_81_75,WomenWhoStutter,81,75,14993600,15041600,block,Pamela Mertz,True,0.3251670002937317,train,test,test
WomenWhoStutter_56_155,WomenWhoStutter,56,155,28088320,28136320,block,Pamela Mertz,True,0.6281015872955322,train,test,test
WomenWhoStutter_55_36,WomenWhoStutter,55,36,26414400,26462400,repetition,Pamela Mertz,True,0.3329309523105621,train,test,test
HeStutters_20_87,HeStutters,20,87,51580160,51628160,fluent,Pamela Mertz,True,0.4571051895618438,train,test,test
StutterTalk_35_0,StutterTalk,35,0,43343360,43391360,repetition,Peter Reitzes,True,0.6527952551841736,train,test,test
HeStutters_19_10,HeStutters,19,10,7933120,7981120,fluent,Pamela Mertz,True,0.1777448058128357,train,test,test
StutteringIsCool_82_8,StutteringIsCool,82,8,13073120,13121120,interjection,Daniele Rossi,True,0.3895730376243591,train,test,test
MyStutteringLife_23_74,MyStutteringLife,23,74,32773600,32821600,fluent,Pedro Peña,True,0.2419978529214859,train,test,test
StutterTalk_78_30,StutterTalk,78,30,54089280,54137280,fluent,Peter Reitzes,True,0.2585151493549347,train,test,test
HeStutters_12_99,HeStutters,12,99,8405760,8453760,prolongation,Pamela Mertz,True,0.1908214390277862,train,test,test
WomenWhoStutter_21_166,WomenWhoStutter,21,166,23931200,23979200,repetition,Pamela Mertz,True,0.5988575220108032,train,test,test
StutterTalk_22_21,StutterTalk,22,21,36435200,36483200,block,Peter Reitzes,True,0.7656266689300537,train,test,test
WomenWhoStutter_50_333,WomenWhoStutter,50,333,38688480,38736480,fluent,Pamela Mertz,True,0.410757303237915,train,test,test
WomenWhoStutter_56_165,WomenWhoStutter,56,165,4906400,4954400,fluent,Pamela Mertz,True,0.6411381959915161,train,test,test
HeStutters_23_208,HeStutters,23,208,38650240,38698240,repetition,Pamela Mertz,True,0.3885957896709442,train,test,test
WomenWhoStutter_48_21,WomenWhoStutter,48,21,13853920,13901920,repetition,Pamela Mertz,True,0.2693422436714172,train,test,test
MyStutteringLife_29_30,MyStutteringLife,29,30,3705280,3753280,fluent,Pedro Peña,True,,train,test,test
WomenWhoStutter_87_149,WomenWhoStutter,87,149,27416000,27464000,interjection,Pamela Mertz,True,0.2784708440303802,train,test,test
HeStutters_6_25,HeStutters,6,25,29364000,29412000,repetition,Pamela Mertz,True,0.637176513671875,train,test,test
HeStutters_15_146,HeStutters,15,146,21616800,21664800,interjection,Pamela Mertz,True,0.54103684425354,train,test,test
WomenWhoStutter_99_70,WomenWhoStutter,99,70,7073600,7121600,block,Pamela Mertz,True,0.5764582753181458,train,test,test
WomenWhoStutter_62_85,WomenWhoStutter,62,85,11746400,11794400,block,Pamela Mertz,True,0.4681949019432068,train,test,test
WomenWhoStutter_50_244,WomenWhoStutter,50,244,32181440,32229440,prolongation,Pamela Mertz,True,0.5428829789161682,train,test,test
HeStutters_18_152,HeStutters,18,152,21852960,21900960,block,Pamela Mertz,True,0.6056530475616455,train,test,test
WomenWhoStutter_105_3,WomenWhoStutter,105,3,42959360,43007360,prolongation,Pamela Mertz,True,0.455457329750061,train,test,test
WomenWhoStutter_22_9,WomenWhoStutter,22,9,4656480,4704480,block,Pamela Mertz,True,0.172561839222908,train,test,test
StutterTalk_25_25,StutterTalk,25,25,12122720,12170720,repetition,Peter Reitzes,True,0.4724420011043548,train,test,test
WomenWhoStutter_50_241,WomenWhoStutter,50,241,32023520,32071520,prolongation,Pamela Mertz,True,0.4537278413772583,train,test,test
HeStutters_6_42,HeStutters,6,42,31289920,31337920,repetition,Pamela Mertz,True,0.5205140113830566,train,test,test
WomenWhoStutter_6_92,WomenWhoStutter,6,92,8792640,8840640,repetition,Pamela Mertz,True,0.5735785961151123,train,test,test
HeStutters_22_56,HeStutters,22,56,12432800,12480800,interjection,Pamela Mertz,True,0.4049024283885956,train,test,test
HeStutters_9_22,HeStutters,9,22,4258720,4306720,block,Pamela Mertz,True,0.608026385307312,train,test,test
HeStutters_16_165,HeStutters,16,165,31977440,32025440,block,Pamela Mertz,True,0.2787476480007171,train,test,test
WomenWhoStutter_57_95,WomenWhoStutter,57,95,7536800,7584800,repetition,Pamela Mertz,True,0.5477533936500549,train,test,test
StutteringIsCool_44_8,StutteringIsCool,44,8,1912320,1960320,fluent,Daniele Rossi,True,0.4203004837036133,train,test,test
WomenWhoStutter_28_16,WomenWhoStutter,28,16,10139680,10187680,prolongation,Pamela Mertz,True,0.5489063262939453,train,test,test
WomenWhoStutter_87_57,WomenWhoStutter,87,57,11242080,11290080,block,Pamela Mertz,True,0.4036511778831482,train,test,test
MyStutteringLife_2_5,MyStutteringLife,2,5,74971680,75019680,prolongation,Pedro Peña,True,0.4817241728305816,train,test,test
HeStutters_3_15,HeStutters,3,15,17041440,17089440,interjection,Pamela Mertz,True,0.3608065843582153,train,test,test
StutterTalk_23_5,StutterTalk,23,5,10174720,10222720,fluent,Peter Reitzes,True,0.6074219942092896,train,test,test
WomenWhoStutter_50_155,WomenWhoStutter,50,155,26223200,26271200,fluent,Pamela Mertz,True,0.3934756815433502,train,test,test
StutterTalk_25_166,StutterTalk,25,166,4786400,4834400,fluent,Peter Reitzes,True,0.416463702917099,train,test,test
WomenWhoStutter_64_9,WomenWhoStutter,64,9,11171200,11219200,repetition,Pamela Mertz,True,0.1303029060363769,train,test,test
StutterTalk_6_160,StutterTalk,6,160,34068320,34116320,interjection,Peter Reitzes,True,0.5908933877944946,train,test,test
WomenWhoStutter_68_0,WomenWhoStutter,68,0,4245440,4293440,block,Pamela Mertz,True,0.2228020429611206,train,test,test
WomenWhoStutter_19_119,WomenWhoStutter,19,119,14774720,14822720,block,Pamela Mertz,True,0.3350083827972412,train,test,test
StutterTalk_46_28,StutterTalk,46,28,21827840,21875840,prolongation,Peter Reitzes,True,0.4203128814697265,train,test,test
StutterTalk_26_139,StutterTalk,26,139,57836480,57884480,interjection,Peter Reitzes,True,0.4847067594528198,train,test,test
HeStutters_15_25,HeStutters,15,25,3586400,3634400,repetition,Pamela Mertz,True,0.243585005402565,train,test,test
MyStutteringLife_1_33,MyStutteringLife,1,33,36288320,36336320,interjection,Pedro Peña,True,0.3443857729434967,train,test,test
WomenWhoStutter_39_62,WomenWhoStutter,39,62,37434720,37482720,block,Pamela Mertz,True,0.5009399056434631,train,test,test
WomenWhoStutter_105_28,WomenWhoStutter,105,28,24661440,24709440,fluent,Pamela Mertz,True,0.4058822989463806,train,test,test
StutteringIsCool_52_30,StutteringIsCool,52,30,5434240,5482240,block,Daniele Rossi,True,0.244443342089653,train,test,test
HeStutters_8_70,HeStutters,8,70,14542080,14590080,interjection,Pamela Mertz,True,0.6705920100212097,train,test,test
WomenWhoStutter_24_17,WomenWhoStutter,24,17,14424320,14472320,interjection,Pamela Mertz,True,0.0947902500629425,train,test,test
StutteringIsCool_8_2,StutteringIsCool,8,2,24378880,24426880,fluent,Daniele Rossi,True,0.5016060471534729,train,test,test
StutterTalk_46_1,StutterTalk,46,1,26510400,26558400,block,Peter Reitzes,True,0.4703287780284881,train,test,test
HeStutters_23_83,HeStutters,23,83,15424000,15472000,repetition,Pamela Mertz,True,0.5132060050964355,train,test,test
WomenWhoStutter_85_5,WomenWhoStutter,85,5,3821120,3869120,repetition,Pamela Mertz,True,0.4094963371753692,train,test,test
MyStutteringLife_25_3,MyStutteringLife,25,3,4565440,4613440,fluent,Pedro Peña,True,0.3991512954235077,train,test,test
WomenWhoStutter_77_23,WomenWhoStutter,77,23,16360160,16408160,block,Pamela Mertz,True,0.5554958581924438,train,test,test
HeStutters_8_183,HeStutters,8,183,37949600,37997600,fluent,Pamela Mertz,True,0.570748507976532,train,test,test
MyStutteringLife_35_118,MyStutteringLife,35,118,30276640,30324640,block,Pedro Peña,True,,train,test,test
WomenWhoStutter_88_58,WomenWhoStutter,88,58,9892480,9940480,repetition,Pamela Mertz,True,0.1487690955400467,train,test,test
StutterTalk_33_65,StutterTalk,33,65,17693280,17741280,interjection,Peter Reitzes,True,0.3466276228427887,train,test,test
WomenWhoStutter_58_8,WomenWhoStutter,58,8,8891840,8939840,repetition,Pamela Mertz,True,0.5434385538101196,train,test,test
MyStutteringLife_23_173,MyStutteringLife,23,173,50502560,50550560,interjection,Pedro Peña,True,0.4310021698474884,train,test,test
StutteringIsCool_72_4,StutteringIsCool,72,4,12781120,12829120,fluent,Daniele Rossi,True,0.6486144661903381,train,test,test
WomenWhoStutter_10_90,WomenWhoStutter,10,90,13328320,13376320,repetition,Pamela Mertz,True,0.6559031009674072,train,test,test
StutterTalk_48_26,StutterTalk,48,26,35596960,35644960,repetition,Peter Reitzes,True,0.5488705635070801,train,test,test
HeStutters_21_105,HeStutters,21,105,15955360,16003360,repetition,Pamela Mertz,True,0.5443941354751587,train,test,test
HeStutters_1_232,HeStutters,1,232,4675520,4723520,interjection,Pamela Mertz,True,0.6402516961097717,train,test,test
WomenWhoStutter_103_57,WomenWhoStutter,103,57,20704960,20752960,fluent,Pamela Mertz,True,0.4822206497192383,train,test,test
WomenWhoStutter_13_6,WomenWhoStutter,13,6,31586400,31634400,fluent,Pamela Mertz,True,0.4148199260234833,train,test,test
WomenWhoStutter_25_17,WomenWhoStutter,25,17,12753760,12801760,repetition,Pamela Mertz,True,0.5471763610839844,train,test,test
WomenWhoStutter_39_159,WomenWhoStutter,39,159,24812800,24860800,fluent,Pamela Mertz,True,0.4467015564441681,train,test,test
WomenWhoStutter_42_201,WomenWhoStutter,42,201,16001440,16049440,repetition,Pamela Mertz,True,0.5705326199531555,train,test,test
StutteringIsCool_54_2,StutteringIsCool,54,2,30032000,30080000,interjection,Daniele Rossi,True,,train,test,test
WomenWhoStutter_104_37,WomenWhoStutter,104,37,37583040,37631040,repetition,Pamela Mertz,True,0.3201675117015838,train,test,test
WomenWhoStutter_56_79,WomenWhoStutter,56,79,15748000,15796000,block,Pamela Mertz,True,0.5636002421379089,train,test,test
WomenWhoStutter_59_26,WomenWhoStutter,59,26,28913440,28961440,interjection,Pamela Mertz,True,0.5816795229911804,train,test,test
HeStutters_2_148,HeStutters,2,148,18725440,18773440,interjection,Pamela Mertz,True,0.4014633297920227,train,test,test
StutteringIsCool_80_54,StutteringIsCool,80,54,4333760,4381760,interjection,Daniele Rossi,True,0.5313150882720947,train,test,test
WomenWhoStutter_81_106,WomenWhoStutter,81,106,18843040,18891040,fluent,Pamela Mertz,True,0.2183372527360916,train,test,test
StutteringIsCool_17_26,StutteringIsCool,17,26,12715840,12763840,fluent,Daniele Rossi,True,0.6302503943443298,train,test,test
WomenWhoStutter_42_71,WomenWhoStutter,42,71,36391520,36439520,block,Pamela Mertz,True,0.2234666049480438,train,test,test
WomenWhoStutter_39_17,WomenWhoStutter,39,17,30626240,30674240,prolongation,Pamela Mertz,True,0.5462627410888672,train,test,test
StutteringIsCool_78_20,StutteringIsCool,78,20,16919360,16967360,block,Daniele Rossi,True,0.55561363697052,train,test,test
MyStutteringLife_24_30,MyStutteringLife,24,30,9172320,9220320,fluent,Pedro Peña,True,,train,test,test
WomenWhoStutter_57_142,WomenWhoStutter,57,142,12815360,12863360,fluent,Pamela Mertz,True,0.2694027721881866,train,test,test
WomenWhoStutter_96_131,WomenWhoStutter,96,131,34667040,34715040,interjection,Pamela Mertz,True,0.1877727508544922,train,test,test
WomenWhoStutter_0_231,WomenWhoStutter,0,231,17558880,17606880,prolongation,Pamela Mertz,True,0.4318874478340149,train,test,test
WomenWhoStutter_62_41,WomenWhoStutter,62,41,37639360,37687360,prolongation,Pamela Mertz,True,0.3817194104194641,train,test,test
MyStutteringLife_35_106,MyStutteringLife,35,106,29036640,29084640,interjection,Pedro Peña,True,,train,test,test
StutteringIsCool_0_27,StutteringIsCool,0,27,5201120,5249120,fluent,Daniele Rossi,True,,train,test,test
WomenWhoStutter_30_48,WomenWhoStutter,30,48,3904480,3952480,interjection,Pamela Mertz,True,0.4400121867656708,train,test,test
StutteringIsCool_54_12,StutteringIsCool,54,12,14831520,14879520,interjection,Daniele Rossi,True,,train,test,test
WomenWhoStutter_57_137,WomenWhoStutter,57,137,12002720,12050720,block,Pamela Mertz,True,0.4923878312110901,train,test,test
WomenWhoStutter_105_33,WomenWhoStutter,105,33,29765120,29813120,repetition,Pamela Mertz,True,0.1598906964063644,train,test,test
WomenWhoStutter_50_253,WomenWhoStutter,50,253,32688960,32736960,prolongation,Pamela Mertz,True,0.4978925287723541,train,test,test
WomenWhoStutter_0_45,WomenWhoStutter,0,45,31769760,31817760,prolongation,Pamela Mertz,True,0.5527339577674866,train,test,test
StutteringIsCool_43_35,StutteringIsCool,43,35,31438240,31486240,prolongation,Daniele Rossi,True,0.1058145761489868,train,test,test
MyStutteringLife_11_20,MyStutteringLife,11,20,6647680,6695680,fluent,Pedro Peña,True,,train,test,test
MyStutteringLife_31_7,MyStutteringLife,31,7,14401760,14449760,prolongation,Pedro Peña,True,,train,test,test
StutteringIsCool_39_22,StutteringIsCool,39,22,2141440,2189440,repetition,Daniele Rossi,True,0.5340763330459595,train,test,test
StutteringIsCool_31_32,StutteringIsCool,31,32,7367840,7415840,block,Daniele Rossi,True,,train,test,test
WomenWhoStutter_57_81,WomenWhoStutter,57,81,6296800,6344800,block,Pamela Mertz,True,0.0714646130800247,train,test,test
HeStutters_11_60,HeStutters,11,60,9455360,9503360,prolongation,Pamela Mertz,True,0.573997437953949,train,test,test
WomenWhoStutter_2_12,WomenWhoStutter,2,12,35444160,35492160,fluent,Pamela Mertz,True,0.6643586158752441,train,test,test
StutterTalk_33_93,StutterTalk,33,93,22095680,22143680,interjection,Peter Reitzes,True,0.4256450235843658,train,test,test
StutterTalk_31_8,StutterTalk,31,8,11712000,11760000,block,Peter Reitzes,True,0.4325448274612427,train,test,test
WomenWhoStutter_88_70,WomenWhoStutter,88,70,11771040,11819040,interjection,Pamela Mertz,True,0.5287462472915649,train,test,test
HeStutters_12_214,HeStutters,12,214,25020800,25068800,interjection,Pamela Mertz,True,0.5845103859901428,train,test,test
StutterTalk_27_5,StutterTalk,27,5,19735520,19783520,block,Peter Reitzes,True,0.3031001389026642,train,test,test
WomenWhoStutter_62_21,WomenWhoStutter,62,21,6051200,6099200,block,Pamela Mertz,True,0.4735270738601684,train,test,test
HeStutters_21_99,HeStutters,21,99,14608960,14656960,interjection,Pamela Mertz,True,0.6391701102256775,train,test,test
WomenWhoStutter_16_38,WomenWhoStutter,16,38,37319040,37367040,interjection,Pamela Mertz,True,0.2394462823867797,train,test,test
MyStutteringLife_10_12,MyStutteringLife,10,12,3311520,3359520,block,Pedro Peña,True,,train,test,test
HeStutters_20_203,HeStutters,20,203,26458240,26506240,repetition,Pamela Mertz,True,0.4123964309692383,train,test,test
StutteringIsCool_34_188,StutteringIsCool,34,188,20478240,20526240,prolongation,Daniele Rossi,True,0.1313681751489639,train,test,test
StutteringIsCool_0_17,StutteringIsCool,0,17,1254560,1302560,fluent,Daniele Rossi,True,,train,test,test
StutterTalk_26_15,StutterTalk,26,15,8219360,8267360,block,Peter Reitzes,True,0.5608975291252136,train,test,test
StutterTalk_47_18,StutterTalk,47,18,11326080,11374080,fluent,Peter Reitzes,True,0.4468273222446441,train,test,test
WomenWhoStutter_83_19,WomenWhoStutter,83,19,14567360,14615360,repetition,Pamela Mertz,True,0.5414382219314575,train,test,test
StutteringIsCool_80_200,StutteringIsCool,80,200,21067200,21115200,fluent,Daniele Rossi,True,0.4070700109004974,train,test,test
MyStutteringLife_30_47,MyStutteringLife,30,47,508800,556800,fluent,Pedro Peña,True,,train,test,test
WomenWhoStutter_24_38,WomenWhoStutter,24,38,30820640,30868640,prolongation,Pamela Mertz,True,0.4475055932998657,train,test,test
StutterTalk_43_156,StutterTalk,43,156,43157280,43205280,block,Peter Reitzes,True,0.4073432683944702,train,test,test
MyStutteringLife_35_60,MyStutteringLife,35,60,15121760,15169760,prolongation,Pedro Peña,True,,train,test,test
HeStutters_11_9,HeStutters,11,9,37488320,37536320,prolongation,Pamela Mertz,True,0.6755984425544739,train,test,test
StutterTalk_43_173,StutterTalk,43,173,46220160,46268160,repetition,Peter Reitzes,True,0.4096640646457672,train,test,test
HeStutters_12_31,HeStutters,12,31,30427840,30475840,repetition,Pamela Mertz,True,0.5174413919448853,train,test,test
WomenWhoStutter_65_24,WomenWhoStutter,65,24,18557120,18605120,prolongation,Pamela Mertz,True,0.3659866452217102,train,test,test
WomenWhoStutter_50_194,WomenWhoStutter,50,194,28725760,28773760,interjection,Pamela Mertz,True,0.5635556578636169,train,test,test
WomenWhoStutter_97_48,WomenWhoStutter,97,48,8183360,8231360,repetition,Pamela Mertz,True,0.4591725766658783,train,test,test
HeStutters_15_194,HeStutters,15,194,3014720,3062720,interjection,Pamela Mertz,True,0.4418482780456543,train,test,test
MyStutteringLife_39_18,MyStutteringLife,39,18,36123680,36171680,fluent,Pedro Peña,True,0.5022965669631958,train,test,test
StutteringIsCool_82_10,StutteringIsCool,82,10,13216960,13264960,fluent,Daniele Rossi,True,0.5105222463607788,train,test,test
WomenWhoStutter_0_63,WomenWhoStutter,0,63,34989920,35037920,prolongation,Pamela Mertz,True,0.2525464594364166,train,test,test
WomenWhoStutter_42_12,WomenWhoStutter,42,12,29746560,29794560,interjection,Pamela Mertz,True,0.4324629008769989,train,test,test
MyStutteringLife_35_14,MyStutteringLife,35,14,65870720,65918720,prolongation,Pedro Peña,True,,train,test,test
StutteringIsCool_24_19,StutteringIsCool,24,19,18096320,18144320,interjection,Daniele Rossi,True,0.3496912121772766,train,test,test
HeStutters_6_45,HeStutters,6,45,32109120,32157120,prolongation,Pamela Mertz,True,0.6053784489631653,train,test,test
StutteringIsCool_44_39,StutteringIsCool,44,39,5065600,5113600,prolongation,Daniele Rossi,True,0.4509421586990356,train,test,test
WomenWhoStutter_9_36,WomenWhoStutter,9,36,28721280,28769280,fluent,Pamela Mertz,True,0.4875291883945465,train,test,test
WomenWhoStutter_21_75,WomenWhoStutter,21,75,9551840,9599840,interjection,Pamela Mertz,True,0.4555374383926391,train,test,test
WomenWhoStutter_88_214,WomenWhoStutter,88,214,44769280,44817280,block,Pamela Mertz,True,0.539891242980957,train,test,test
StutterTalk_42_31,StutterTalk,42,31,4402080,4450080,interjection,Peter Reitzes,True,0.3690088093280792,train,test,test
HeStutters_16_129,HeStutters,16,129,2427840,2475840,repetition,Pamela Mertz,True,0.2995285093784332,train,test,test
StutterTalk_6_131,StutterTalk,6,131,29705280,29753280,repetition,Peter Reitzes,True,0.5846414566040039,train,test,test
WomenWhoStutter_0_168,WomenWhoStutter,0,168,8997760,9045760,block,Pamela Mertz,True,0.4525608420372009,train,test,test
MyStutteringLife_27_0,MyStutteringLife,27,0,2111840,2159840,block,Pedro Peña,True,,train,test,test
WomenWhoStutter_99_102,WomenWhoStutter,99,102,12003360,12051360,fluent,Pamela Mertz,True,0.6027735471725464,train,test,test
WomenWhoStutter_19_173,WomenWhoStutter,19,173,21300160,21348160,repetition,Pamela Mertz,True,0.2250888794660568,train,test,test
StutteringIsCool_25_17,StutteringIsCool,25,17,11203040,11251040,block,Daniele Rossi,True,,train,test,test
WomenWhoStutter_14_172,WomenWhoStutter,14,172,23707200,23755200,prolongation,Pamela Mertz,True,0.6111053824424744,train,test,test
MyStutteringLife_36_32,MyStutteringLife,36,32,7032800,7080800,fluent,Pedro Peña,True,,train,test,test
WomenWhoStutter_19_31,WomenWhoStutter,19,31,34145440,34193440,repetition,Pamela Mertz,True,0.4261434674263,train,test,test
WomenWhoStutter_1_155,WomenWhoStutter,1,155,28401920,28449920,repetition,Pamela Mertz,True,0.5310852527618408,train,test,test
WomenWhoStutter_1_192,WomenWhoStutter,1,192,33143680,33191680,interjection,Pamela Mertz,True,0.4863400757312774,train,test,test
StutterTalk_33_5,StutterTalk,33,5,48302080,48350080,repetition,Peter Reitzes,True,0.3974112570285797,train,test,test
StutteringIsCool_51_35,StutteringIsCool,51,35,14372960,14420960,block,Daniele Rossi,True,,train,test,test
MyStutteringLife_10_32,MyStutteringLife,10,32,6096960,6144960,block,Pedro Peña,True,,train,test,test
MyStutteringLife_4_36,MyStutteringLife,4,36,61822720,61870720,repetition,Pedro Peña,True,0.5325571894645691,train,test,test
WomenWhoStutter_19_155,WomenWhoStutter,19,155,19144800,19192800,prolongation,Pamela Mertz,True,0.4558873176574707,train,test,test
WomenWhoStutter_41_17,WomenWhoStutter,41,17,6271520,6319520,block,Pamela Mertz,True,0.2609756886959076,train,test,test
StutterTalk_26_66,StutterTalk,26,66,4891040,4939040,block,Peter Reitzes,True,0.4144522249698639,train,test,test
StutterTalk_26_33,StutterTalk,26,33,16442560,16490560,interjection,Peter Reitzes,True,0.4536515176296234,train,test,test
HeStutters_21_53,HeStutters,21,53,8705760,8753760,repetition,Pamela Mertz,True,0.4605381190776825,train,test,test
WomenWhoStutter_56_19,WomenWhoStutter,56,19,6081920,6129920,prolongation,Pamela Mertz,True,0.587754487991333,train,test,test
WomenWhoStutter_103_133,WomenWhoStutter,103,133,34858560,34906560,interjection,Pamela Mertz,True,0.3843357563018799,train,test,test
StutteringIsCool_5_31,StutteringIsCool,5,31,28493440,28541440,fluent,Daniele Rossi,True,0.2658916115760803,train,test,test
StutterTalk_19_3,StutterTalk,19,3,49890080,49938080,fluent,Peter Reitzes,True,0.566891074180603,train,test,test
WomenWhoStutter_21_158,WomenWhoStutter,21,158,23171680,23219680,block,Pamela Mertz,True,0.5416334271430969,train,test,test
HeStutters_11_120,HeStutters,11,120,19042560,19090560,prolongation,Pamela Mertz,True,0.6526890993118286,train,test,test
MyStutteringLife_23_101,MyStutteringLife,23,101,34983840,35031840,block,Pedro Peña,True,0.3391411900520324,train,test,test
StutteringIsCool_10_26,StutteringIsCool,10,26,26221440,26269440,fluent,Daniele Rossi,True,,train,test,test
StutterTalk_53_35,StutterTalk,53,35,28352000,28400000,repetition,Peter Reitzes,True,0.2017851918935775,train,test,test
WomenWhoStutter_0_203,WomenWhoStutter,0,203,15143680,15191680,repetition,Pamela Mertz,True,0.4121564924716949,train,test,test
StutterTalk_78_28,StutterTalk,78,28,50120640,50168640,fluent,Peter Reitzes,True,0.2030722945928573,train,test,test
HeStutters_12_94,HeStutters,12,94,8077760,8125760,interjection,Pamela Mertz,True,0.5322701930999756,train,test,test
WomenWhoStutter_1_53,WomenWhoStutter,1,53,12882240,12930240,repetition,Pamela Mertz,True,0.1758436262607574,train,test,test
WomenWhoStutter_50_48,WomenWhoStutter,50,48,20482880,20530880,block,Pamela Mertz,True,0.4693589508533478,train,test,test
MyStutteringLife_35_18,MyStutteringLife,35,18,67059680,67107680,repetition,Pedro Peña,True,,train,test,test
StutteringIsCool_40_30,StutteringIsCool,40,30,19089440,19137440,interjection,Daniele Rossi,True,0.5376360416412354,train,test,test
StutterTalk_46_17,StutterTalk,46,17,10679200,10727200,fluent,Peter Reitzes,True,0.2498956471681594,train,test,test
WomenWhoStutter_81_87,WomenWhoStutter,81,87,16520480,16568480,fluent,Pamela Mertz,True,0.6007080078125,train,test,test
StutterTalk_41_2,StutterTalk,41,2,63470560,63518560,fluent,Peter Reitzes,True,0.5617069602012634,train,test,test
StutteringIsCool_55_11,StutteringIsCool,55,11,12346560,12394560,prolongation,Daniele Rossi,True,0.3452372550964355,train,test,test
StutteringIsCool_7_37,StutteringIsCool,7,37,39566240,39614240,fluent,Daniele Rossi,True,,train,test,test
StutteringIsCool_34_99,StutteringIsCool,34,99,13680320,13728320,interjection,Daniele Rossi,True,0.2507171928882599,train,test,test
MyStutteringLife_36_37,MyStutteringLife,36,37,7681120,7729120,fluent,Pedro Peña,True,,train,test,test
WomenWhoStutter_39_207,WomenWhoStutter,39,207,27942080,27990080,prolongation,Pamela Mertz,True,0.4330358505249023,train,test,test
WomenWhoStutter_42_96,WomenWhoStutter,42,96,40685920,40733920,prolongation,Pamela Mertz,True,0.6007758378982544,train,test,test
WomenWhoStutter_7_10,WomenWhoStutter,7,10,11926080,11974080,interjection,Pamela Mertz,True,0.4752798080444336,train,test,test
WomenWhoStutter_21_95,WomenWhoStutter,21,95,14480480,14528480,block,Pamela Mertz,True,0.5719546675682068,train,test,test
WomenWhoStutter_99_85,WomenWhoStutter,99,85,8189600,8237600,prolongation,Pamela Mertz,True,0.6230100989341736,train,test,test
WomenWhoStutter_83_22,WomenWhoStutter,83,22,1540480,1588480,interjection,Pamela Mertz,True,0.6154033541679382,train,test,test
WomenWhoStutter_14_108,WomenWhoStutter,14,108,15148320,15196320,prolongation,Pamela Mertz,True,0.4726689755916595,train,test,test
MyStutteringLife_30_73,MyStutteringLife,30,73,3636800,3684800,repetition,Pedro Peña,True,,train,test,test
StutterTalk_42_33,StutterTalk,42,33,53434400,53482400,interjection,Peter Reitzes,True,0.5395923256874084,train,test,test
WomenWhoStutter_54_13,WomenWhoStutter,54,13,4227680,4275680,prolongation,Pamela Mertz,True,0.0407379232347011,train,test,test
StutteringIsCool_80_161,StutteringIsCool,80,161,17211680,17259680,prolongation,Daniele Rossi,True,0.6539216041564941,train,test,test
WomenWhoStutter_50_256,WomenWhoStutter,50,256,3348800,3396800,prolongation,Pamela Mertz,True,0.3637592792510986,train,test,test
MyStutteringLife_35_99,MyStutteringLife,35,99,27173600,27221600,prolongation,Pedro Peña,True,,train,test,test
StutteringIsCool_77_14,StutteringIsCool,77,14,4680160,4728160,prolongation,Daniele Rossi,True,0.4161955118179321,train,test,test
StutteringIsCool_78_18,StutteringIsCool,78,18,15008160,15056160,block,Daniele Rossi,True,0.525719940662384,train,test,test
HeStutters_11_110,HeStutters,11,110,17973440,18021440,repetition,Pamela Mertz,True,0.5977790951728821,train,test,test
MyStutteringLife_32_79,MyStutteringLife,32,79,3837600,3885600,repetition,Pedro Peña,True,,train,test,test
WomenWhoStutter_59_0,WomenWhoStutter,59,0,36165600,36213600,interjection,Pamela Mertz,True,0.5189435482025146,train,test,test
StutteringIsCool_54_32,StutteringIsCool,54,32,23317120,23365120,fluent,Daniele Rossi,True,,train,test,test
StutteringIsCool_80_92,StutteringIsCool,80,92,612800,660800,prolongation,Daniele Rossi,True,0.5440123677253723,train,test,test
HeStutters_8_171,HeStutters,8,171,36745920,36793920,repetition,Pamela Mertz,True,0.3984228074550628,train,test,test
StutterTalk_43_38,StutterTalk,43,38,10759840,10807840,interjection,Peter Reitzes,True,0.5754785537719727,train,test,test
WomenWhoStutter_41_4,WomenWhoStutter,41,4,29900320,29948320,prolongation,Pamela Mertz,True,0.2776989340782165,train,test,test
HeStutters_6_37,HeStutters,6,37,31165120,31213120,fluent,Pamela Mertz,True,0.607454776763916,train,test,test
StutterTalk_5_39,StutterTalk,5,39,63684800,63732800,block,Peter Reitzes,True,0.6279847025871277,train,test,test
WomenWhoStutter_0_124,WomenWhoStutter,0,124,41775840,41823840,prolongation,Pamela Mertz,True,0.4650491178035736,train,test,test
StutterTalk_36_20,StutterTalk,36,20,4619360,4667360,prolongation,Peter Reitzes,True,0.2453649789094925,train,test,test
WomenWhoStutter_81_30,WomenWhoStutter,81,30,9400000,9448000,block,Pamela Mertz,True,0.1346225887537002,train,test,test
HeStutters_6_59,HeStutters,6,59,33853120,33901120,block,Pamela Mertz,True,0.4409689307212829,train,test,test
WomenWhoStutter_101_125,WomenWhoStutter,101,125,20891360,20939360,repetition,Pamela Mertz,True,0.4986166656017303,train,test,test
StutterTalk_33_101,StutterTalk,33,101,24881600,24929600,block,Peter Reitzes,True,0.3911395370960235,train,test,test
HeStutters_22_112,HeStutters,22,112,22195520,22243520,interjection,Pamela Mertz,True,0.5791434645652771,train,test,test
WomenWhoStutter_66_27,WomenWhoStutter,66,27,25681760,25729760,fluent,Pamela Mertz,True,0.4837449193000793,train,test,test
StutterTalk_23_1,StutterTalk,23,1,6345280,6393280,prolongation,Peter Reitzes,True,0.5331401228904724,train,test,test
WomenWhoStutter_42_28,WomenWhoStutter,42,28,31017120,31065120,fluent,Pamela Mertz,True,0.5246614813804626,train,test,test
WomenWhoStutter_34_188,WomenWhoStutter,34,188,25764800,25812800,interjection,Pamela Mertz,True,0.5888789296150208,train,test,test
WomenWhoStutter_1_108,WomenWhoStutter,1,108,22432000,22480000,interjection,Pamela Mertz,True,0.5147273540496826,train,test,test
HeStutters_18_210,HeStutters,18,210,33744960,33792960,interjection,Pamela Mertz,True,0.4685517251491546,train,test,test
StutterTalk_26_14,StutterTalk,26,14,7775680,7823680,repetition,Peter Reitzes,True,0.4671393930912018,train,test,test
StutteringIsCool_66_12,StutteringIsCool,66,12,14405120,14453120,interjection,Daniele Rossi,True,0.4838872253894806,train,test,test
HeStutters_21_38,HeStutters,21,38,5196320,5244320,interjection,Pamela Mertz,True,0.5454851388931274,train,test,test
MyStutteringLife_8_20,MyStutteringLife,8,20,49275360,49323360,interjection,Pedro Peña,True,0.3143523633480072,train,test,test
WomenWhoStutter_39_153,WomenWhoStutter,39,153,24125920,24173920,block,Pamela Mertz,True,0.363832950592041,train,test,test
StutteringIsCool_29_10,StutteringIsCool,29,10,5363680,5411680,interjection,Daniele Rossi,True,0.6049275398254395,train,test,test
StutteringIsCool_62_21,StutteringIsCool,62,21,8057920,8105920,block,Daniele Rossi,True,0.4712134301662445,train,test,test
StutteringIsCool_7_15,StutteringIsCool,7,15,7926240,7974240,prolongation,Daniele Rossi,True,,train,test,test
WomenWhoStutter_105_9,WomenWhoStutter,105,9,1711520,1759520,prolongation,Pamela Mertz,True,0.3788062930107116,train,test,test
WomenWhoStutter_86_130,WomenWhoStutter,86,130,12778880,12826880,interjection,Pamela Mertz,True,0.2924237847328186,train,test,test
HeStutters_19_109,HeStutters,19,109,29068000,29116000,fluent,Pamela Mertz,True,0.490226000547409,train,test,test
StutterTalk_46_9,StutterTalk,46,9,3192960,3240960,block,Peter Reitzes,True,0.4491201937198639,train,test,test
WomenWhoStutter_87_96,WomenWhoStutter,87,96,17889280,17937280,fluent,Pamela Mertz,True,0.4515936374664306,train,test,test
MyStutteringLife_26_10,MyStutteringLife,26,10,20761760,20809760,prolongation,Pedro Peña,True,,train,test,test
StutteringIsCool_77_6,StutteringIsCool,77,6,13795200,13843200,interjection,Daniele Rossi,True,0.5267649292945862,train,test,test
WomenWhoStutter_0_130,WomenWhoStutter,0,130,43050880,43098880,interjection,Pamela Mertz,True,0.5280941724777222,train,test,test
StutterTalk_6_106,StutterTalk,6,106,24261600,24309600,repetition,Peter Reitzes,True,0.4505734741687774,train,test,test
MyStutteringLife_15_28,MyStutteringLife,15,28,45183680,45231680,fluent,Pedro Peña,True,0.5216299891471863,train,test,test
WomenWhoStutter_57_132,WomenWhoStutter,57,132,11596640,11644640,repetition,Pamela Mertz,True,0.4571327269077301,train,test,test
MyStutteringLife_8_7,MyStutteringLife,8,7,33216000,33264000,fluent,Pedro Peña,True,0.5008566975593567,train,test,test
WomenWhoStutter_39_73,WomenWhoStutter,39,73,39681760,39729760,repetition,Pamela Mertz,True,0.1086693853139877,train,test,test
StutteringIsCool_83_4,StutteringIsCool,83,4,2358240,2406240,fluent,Daniele Rossi,True,0.1660662144422531,train,test,test
MyStutteringLife_35_38,MyStutteringLife,35,38,5796640,5844640,fluent,Pedro Peña,True,,train,test,test
WomenWhoStutter_52_31,WomenWhoStutter,52,31,37165760,37213760,interjection,Pamela Mertz,True,0.2041267454624176,train,test,test
StutterTalk_33_45,StutterTalk,33,45,11145120,11193120,fluent,Peter Reitzes,True,0.4762115180492401,train,test,test
WomenWhoStutter_99_67,WomenWhoStutter,99,67,6713920,6761920,repetition,Pamela Mertz,True,0.6022471189498901,train,test,test
WomenWhoStutter_106_37,WomenWhoStutter,106,37,16627360,16675360,block,Pamela Mertz,True,,train,test,test
WomenWhoStutter_88_89,WomenWhoStutter,88,89,18875520,18923520,repetition,Pamela Mertz,True,0.3952255845069885,train,test,test
WomenWhoStutter_91_31,WomenWhoStutter,91,31,30584320,30632320,repetition,Pamela Mertz,True,0.4012242555618286,train,test,test
HeStutters_4_27,HeStutters,4,27,27348800,27396800,repetition,Pamela Mertz,True,0.3569991588592529,train,test,test
WomenWhoStutter_88_167,WomenWhoStutter,88,167,32806560,32854560,repetition,Pamela Mertz,True,0.5304180979728699,train,test,test
StutterTalk_6_107,StutterTalk,6,107,24291680,24339680,repetition,Peter Reitzes,True,0.6167377233505249,train,test,test
StutterTalk_33_36,StutterTalk,33,36,10127200,10175200,fluent,Peter Reitzes,True,0.4901939034461975,train,test,test
MyStutteringLife_33_6,MyStutteringLife,33,6,1787200,1835200,fluent,Pedro Peña,True,,train,test,test
WomenWhoStutter_2_98,WomenWhoStutter,2,98,16623200,16671200,interjection,Pamela Mertz,True,0.6217628121376038,train,test,test
MyStutteringLife_7_128,MyStutteringLife,7,128,31743360,31791360,block,Pedro Peña,True,0.5586698055267334,train,test,test
WomenWhoStutter_1_102,WomenWhoStutter,1,102,21115040,21163040,block,Pamela Mertz,True,0.3244445025920868,train,test,test
WomenWhoStutter_64_16,WomenWhoStutter,64,16,18241440,18289440,prolongation,Pamela Mertz,True,0.1706823259592056,train,test,test
WomenWhoStutter_56_161,WomenWhoStutter,56,161,31246240,31294240,interjection,Pamela Mertz,True,0.6522748470306396,train,test,test
StutterTalk_74_10,StutterTalk,74,10,20962240,21010240,interjection,Peter Reitzes,True,0.5659404993057251,train,test,test
MyStutteringLife_1_23,MyStutteringLife,1,23,22131040,22179040,fluent,Pedro Peña,True,0.5482255816459656,train,test,test
MyStutteringLife_35_20,MyStutteringLife,35,20,67457600,67505600,prolongation,Pedro Peña,True,,train,test,test
WomenWhoStutter_108_20,WomenWhoStutter,108,20,13630080,13678080,interjection,Pamela Mertz,True,0.0805390998721122,train,test,test
WomenWhoStutter_50_90,WomenWhoStutter,50,90,22728160,22776160,prolongation,Pamela Mertz,True,0.4494645595550537,train,test,test
StutterTalk_25_73,StutterTalk,25,73,22904160,22952160,interjection,Peter Reitzes,True,0.3645497858524322,train,test,test
StutterTalk_25_70,StutterTalk,25,70,22605600,22653600,interjection,Peter Reitzes,True,0.3089168965816498,train,test,test
WomenWhoStutter_7_18,WomenWhoStutter,7,18,22014880,22062880,interjection,Pamela Mertz,True,0.5075808167457581,train,test,test
WomenWhoStutter_81_99,WomenWhoStutter,81,99,18209440,18257440,repetition,Pamela Mertz,True,0.3365492820739746,train,test,test
HeStutters_2_98,HeStutters,2,98,10316480,10364480,interjection,Pamela Mertz,True,0.3303993940353393,train,test,test
StutteringIsCool_80_37,StutteringIsCool,80,37,2434080,2482080,block,Daniele Rossi,True,0.6125013828277588,train,test,test
StutterTalk_43_78,StutterTalk,43,78,20549760,20597760,block,Peter Reitzes,True,0.4570687413215637,train,test,test
StutteringIsCool_50_26,StutteringIsCool,50,26,30007680,30055680,fluent,Daniele Rossi,True,0.1679896116256714,train,test,test
WomenWhoStutter_19_7,WomenWhoStutter,19,7,26607360,26655360,repetition,Pamela Mertz,True,0.5020058155059814,train,test,test
WomenWhoStutter_61_2,WomenWhoStutter,61,2,34686720,34734720,prolongation,Pamela Mertz,True,0.1982872188091278,train,test,test
WomenWhoStutter_50_498,WomenWhoStutter,50,498,17240000,17288000,fluent,Pamela Mertz,True,0.5351229310035706,train,test,test
StutteringIsCool_72_6,StutteringIsCool,72,6,15223040,15271040,interjection,Daniele Rossi,True,0.2853733003139496,train,test,test
WomenWhoStutter_1_111,WomenWhoStutter,1,111,22715040,22763040,interjection,Pamela Mertz,True,0.4115404188632965,train,test,test
WomenWhoStutter_15_2,WomenWhoStutter,15,2,28806880,28854880,prolongation,Pamela Mertz,True,0.2002927362918853,train,test,test
StutteringIsCool_68_7,StutteringIsCool,68,7,40826560,40874560,interjection,Daniele Rossi,True,0.380388468503952,train,test,test
StutteringIsCool_82_165,StutteringIsCool,82,165,12312480,12360480,prolongation,Daniele Rossi,True,0.5785852074623108,train,test,test
WomenWhoStutter_1_133,WomenWhoStutter,1,133,3595680,3643680,block,Pamela Mertz,True,0.5568880438804626,train,test,test
HeStutters_15_36,HeStutters,15,36,5088960,5136960,prolongation,Pamela Mertz,True,0.505447506904602,train,test,test
WomenWhoStutter_33_0,WomenWhoStutter,33,0,30670080,30718080,fluent,Pamela Mertz,True,0.1926896423101425,train,test,test
WomenWhoStutter_65_16,WomenWhoStutter,65,16,2066240,2114240,prolongation,Pamela Mertz,True,0.2710266411304474,train,test,test
WomenWhoStutter_14_71,WomenWhoStutter,14,71,11364480,11412480,block,Pamela Mertz,True,0.6323012113571167,train,test,test
WomenWhoStutter_27_9,WomenWhoStutter,27,9,15808480,15856480,block,Pamela Mertz,True,0.6064049005508423,train,test,test
StutteringIsCool_11_3,StutteringIsCool,11,3,19736960,19784960,repetition,Daniele Rossi,True,,train,test,test
StutteringIsCool_34_104,StutteringIsCool,34,104,14156320,14204320,block,Daniele Rossi,True,0.2836063504219055,train,test,test
StutteringIsCool_80_44,StutteringIsCool,80,44,3008000,3056000,prolongation,Daniele Rossi,True,0.6408074498176575,train,test,test
StutterTalk_6_228,StutterTalk,6,228,49144960,49192960,repetition,Peter Reitzes,True,0.6128186583518982,train,test,test
WomenWhoStutter_83_27,WomenWhoStutter,83,27,21987200,22035200,interjection,Pamela Mertz,True,0.6570068001747131,train,test,test
WomenWhoStutter_95_36,WomenWhoStutter,95,36,11066240,11114240,fluent,Pamela Mertz,True,0.4355976581573486,train,test,test
HeStutters_6_293,HeStutters,6,293,5195200,5243200,interjection,Pamela Mertz,True,0.2718486487865448,train,test,test
StutteringIsCool_15_31,StutteringIsCool,15,31,15278400,15326400,fluent,Daniele Rossi,True,0.569786548614502,train,test,test
MyStutteringLife_7_66,MyStutteringLife,7,66,8542880,8590880,interjection,Pedro Peña,True,0.6683688759803772,train,test,test
WomenWhoStutter_42_23,WomenWhoStutter,42,23,30672160,30720160,repetition,Pamela Mertz,True,0.3232733309268951,train,test,test
WomenWhoStutter_14_56,WomenWhoStutter,14,56,924640,972640,block,Pamela Mertz,True,0.6325320601463318,train,test,test
WomenWhoStutter_9_26,WomenWhoStutter,9,26,22861920,22909920,repetition,Pamela Mertz,True,0.2164203375577926,train,test,test
MyStutteringLife_34_38,MyStutteringLife,34,38,1559680,1607680,prolongation,Pedro Peña,True,,train,test,test
HeStutters_5_114,HeStutters,5,114,24189600,24237600,prolongation,Pamela Mertz,True,0.4543900489807129,train,test,test
StutterTalk_2_5,StutterTalk,2,5,4912640,4960640,interjection,Peter Reitzes,True,0.4797064065933227,train,test,test
MyStutteringLife_5_14,MyStutteringLife,5,14,8809440,8857440,interjection,Pedro Peña,True,0.6055741906166077,train,test,test
HeStutters_19_129,HeStutters,19,129,34442560,34490560,block,Pamela Mertz,True,0.1164022237062454,train,test,test
HeStutters_16_117,HeStutters,16,117,21971680,22019680,block,Pamela Mertz,True,0.3836270570755005,train,test,test
MyStutteringLife_22_25,MyStutteringLife,22,25,16615360,16663360,block,Pedro Peña,True,0.6167687177658081,train,test,test
MyStutteringLife_32_84,MyStutteringLife,32,84,4069920,4117920,block,Pedro Peña,True,,train,test,test
MyStutteringLife_24_23,MyStutteringLife,24,23,8256320,8304320,block,Pedro Peña,True,,train,test,test
StutterTalk_35_2,StutterTalk,35,2,45598880,45646880,repetition,Peter Reitzes,True,0.6250382661819458,train,test,test
WomenWhoStutter_63_3,WomenWhoStutter,63,3,27790080,27838080,fluent,Pamela Mertz,True,0.5976235270500183,train,test,test
WomenWhoStutter_0_34,WomenWhoStutter,0,34,3064640,3112640,prolongation,Pamela Mertz,True,0.3945706486701965,train,test,test
WomenWhoStutter_0_44,WomenWhoStutter,0,44,31569920,31617920,prolongation,Pamela Mertz,True,0.0951780751347541,train,test,test
WomenWhoStutter_50_65,WomenWhoStutter,50,65,2396480,2444480,prolongation,Pamela Mertz,True,0.4373754858970642,train,test,test
WomenWhoStutter_14_99,WomenWhoStutter,14,99,13628320,13676320,prolongation,Pamela Mertz,True,0.6282953023910522,train,test,test
StutteringIsCool_80_162,StutteringIsCool,80,162,17337440,17385440,block,Daniele Rossi,True,0.6707976460456848,train,test,test
WomenWhoStutter_56_18,WomenWhoStutter,56,18,40490080,40538080,interjection,Pamela Mertz,True,0.62567538022995,train,test,test
StutterTalk_43_94,StutterTalk,43,94,25172640,25220640,repetition,Peter Reitzes,True,0.5420385003089905,train,test,test
HeStutters_19_115,HeStutters,19,115,30993280,31041280,block,Pamela Mertz,True,0.3312304019927978,train,test,test
WomenWhoStutter_39_64,WomenWhoStutter,39,64,38009440,38057440,fluent,Pamela Mertz,True,0.4084355235099792,train,test,test
WomenWhoStutter_101_163,WomenWhoStutter,101,163,26710560,26758560,interjection,Pamela Mertz,True,0.5521882176399231,train,test,test
HeStutters_9_32,HeStutters,9,32,15632800,15680800,fluent,Pamela Mertz,True,0.7118756175041199,train,test,test
WomenWhoStutter_48_22,WomenWhoStutter,48,22,15520000,15568000,repetition,Pamela Mertz,True,0.5560275316238403,train,test,test
StutteringIsCool_67_4,StutteringIsCool,67,4,30863040,30911040,fluent,Daniele Rossi,True,0.5285031795501709,train,test,test
StutterTalk_2_6,StutterTalk,2,6,7066720,7114720,interjection,Peter Reitzes,True,0.3793832957744598,train,test,test
StutterTalk_25_184,StutterTalk,25,184,6533600,6581600,block,Peter Reitzes,True,0.5546467304229736,train,test,test
WomenWhoStutter_87_193,WomenWhoStutter,87,193,35782560,35830560,block,Pamela Mertz,True,0.4222373366355896,train,test,test
WomenWhoStutter_42_67,WomenWhoStutter,42,67,35833600,35881600,prolongation,Pamela Mertz,True,0.5011934638023376,train,test,test
HeStutters_6_9,HeStutters,6,9,27272640,27320640,repetition,Pamela Mertz,True,0.6340239644050598,train,test,test
HeStutters_5_130,HeStutters,5,130,26359360,26407360,block,Pamela Mertz,True,0.6260858774185181,train,test,test
WomenWhoStutter_6_28,WomenWhoStutter,6,28,31652480,31700480,interjection,Pamela Mertz,True,0.5393099784851074,train,test,test
StutterTalk_40_19,StutterTalk,40,19,25748960,25796960,block,Peter Reitzes,True,0.491912692785263,train,test,test
HeStutters_1_238,HeStutters,1,238,23564640,23612640,repetition,Pamela Mertz,True,0.5452272891998291,train,test,test
WomenWhoStutter_42_184,WomenWhoStutter,42,184,14163520,14211520,repetition,Pamela Mertz,True,0.4418449103832245,train,test,test
StutteringIsCool_61_28,StutteringIsCool,61,28,22972800,23020800,fluent,Daniele Rossi,True,0.2387053072452545,train,test,test
StutterTalk_32_2,StutterTalk,32,2,29174080,29222080,fluent,Peter Reitzes,True,0.5574002861976624,train,test,test
WomenWhoStutter_50_502,WomenWhoStutter,50,502,1959200,2007200,prolongation,Pamela Mertz,True,0.4720240831375122,train,test,test
HeStutters_5_171,HeStutters,5,171,34683040,34731040,repetition,Pamela Mertz,True,0.5387304425239563,train,test,test
WomenWhoStutter_51_38,WomenWhoStutter,51,38,29302400,29350400,prolongation,Pamela Mertz,True,0.1908375769853592,train,test,test
WomenWhoStutter_34_207,WomenWhoStutter,34,207,27715520,27763520,prolongation,Pamela Mertz,True,0.3761725425720215,train,test,test
HeStutters_22_28,HeStutters,22,28,4320000,4368000,repetition,Pamela Mertz,True,0.5293510556221008,train,test,test
WomenWhoStutter_88_190,WomenWhoStutter,88,190,39178720,39226720,fluent,Pamela Mertz,True,0.5344018340110779,train,test,test
StutterTalk_19_7,StutterTalk,19,7,52170720,52218720,fluent,Peter Reitzes,True,0.5316339135169983,train,test,test
StutteringIsCool_82_132,StutteringIsCool,82,132,9338080,9386080,prolongation,Daniele Rossi,True,0.4871057569980621,train,test,test
HeStutters_1_207,HeStutters,1,207,20414720,20462720,repetition,Pamela Mertz,True,0.6006037592887878,train,test,test
StutteringIsCool_54_18,StutteringIsCool,54,18,17432480,17480480,fluent,Daniele Rossi,True,,train,test,test
WomenWhoStutter_57_43,WomenWhoStutter,57,43,3084480,3132480,repetition,Pamela Mertz,True,0.1293891221284866,train,test,test
HeStutters_16_57,HeStutters,16,57,9269760,9317760,prolongation,Pamela Mertz,True,0.4330844283103943,train,test,test
StutteringIsCool_80_64,StutteringIsCool,80,64,5095200,5143200,prolongation,Daniele Rossi,True,0.6350864768028259,train,test,test
WomenWhoStutter_30_91,WomenWhoStutter,30,91,970880,1018880,fluent,Pamela Mertz,True,0.4866718053817749,train,test,test
WomenWhoStutter_14_57,WomenWhoStutter,14,57,8604480,8652480,block,Pamela Mertz,True,0.5821177959442139,train,test,test
WomenWhoStutter_42_145,WomenWhoStutter,42,145,9725280,9773280,interjection,Pamela Mertz,True,0.3619508147239685,train,test,test
WomenWhoStutter_103_56,WomenWhoStutter,103,56,20358720,20406720,repetition,Pamela Mertz,True,0.651615560054779,train,test,test
StutteringIsCool_6_8,StutteringIsCool,6,8,15701600,15749600,block,Daniele Rossi,True,0.5780779123306274,train,test,test
HeStutters_12_3,HeStutters,12,3,25606720,25654720,fluent,Pamela Mertz,True,0.5247740149497986,train,test,test
WomenWhoStutter_103_156,WomenWhoStutter,103,156,41140480,41188480,interjection,Pamela Mertz,True,0.5722683072090149,train,test,test
WomenWhoStutter_62_58,WomenWhoStutter,62,58,8067040,8115040,prolongation,Pamela Mertz,True,0.4745648801326751,train,test,test
MyStutteringLife_35_15,MyStutteringLife,35,15,66818240,66866240,repetition,Pedro Peña,True,,train,test,test
StutterTalk_43_99,StutterTalk,43,99,27203680,27251680,block,Peter Reitzes,True,0.5387414693832397,train,test,test
StutterTalk_47_2,StutterTalk,47,2,4105440,4153440,block,Peter Reitzes,True,0.5304206609725952,train,test,test
WomenWhoStutter_65_35,WomenWhoStutter,65,35,28427840,28475840,prolongation,Pamela Mertz,True,0.2970716059207916,train,test,test
StutteringIsCool_34_36,StutteringIsCool,34,36,25610720,25658720,fluent,Daniele Rossi,True,0.3089557886123657,train,test,test
MyStutteringLife_35_39,MyStutteringLife,35,39,5827200,5875200,repetition,Pedro Peña,True,,train,test,test
WomenWhoStutter_108_2,WomenWhoStutter,108,2,28567360,28615360,interjection,Pamela Mertz,True,0.5424650311470032,train,test,test
MyStutteringLife_23_69,MyStutteringLife,23,69,32528000,32576000,fluent,Pedro Peña,True,0.5003250241279602,train,test,test
StutteringIsCool_31_6,StutteringIsCool,31,6,2281920,2329920,interjection,Daniele Rossi,True,,train,test,test
WomenWhoStutter_39_8,WomenWhoStutter,39,8,29535520,29583520,prolongation,Pamela Mertz,True,0.528053879737854,train,test,test
WomenWhoStutter_57_1,WomenWhoStutter,57,1,20724960,20772960,repetition,Pamela Mertz,True,0.5132453441619873,train,test,test
StutteringIsCool_16_0,StutteringIsCool,16,0,25600480,25648480,interjection,Daniele Rossi,True,0.6640475392341614,train,test,test
WomenWhoStutter_18_36,WomenWhoStutter,18,36,34153280,34201280,interjection,Pamela Mertz,True,0.4149276614189148,train,test,test
MyStutteringLife_27_18,MyStutteringLife,27,18,5135680,5183680,repetition,Pedro Peña,True,,train,test,test
StutterTalk_35_39,StutterTalk,35,39,42611680,42659680,repetition,Peter Reitzes,True,0.3772048354148865,train,test,test
StutteringIsCool_82_106,StutteringIsCool,82,106,6641920,6689920,prolongation,Daniele Rossi,True,0.4281082153320312,train,test,test
HeStutters_6_66,HeStutters,6,66,34877920,34925920,prolongation,Pamela Mertz,True,0.6527307033538818,train,test,test
WomenWhoStutter_42_47,WomenWhoStutter,42,47,33599520,33647520,prolongation,Pamela Mertz,True,0.5309301614761353,train,test,test
WomenWhoStutter_78_15,WomenWhoStutter,78,15,20385600,20433600,interjection,Pamela Mertz,True,0.5064013004302979,train,test,test
WomenWhoStutter_50_474,WomenWhoStutter,50,474,15759200,15807200,prolongation,Pamela Mertz,True,0.5499768853187561,train,test,test
StutteringIsCool_21_16,StutteringIsCool,21,16,7828000,7876000,prolongation,Daniele Rossi,True,0.5186794400215149,train,test,test
StutteringIsCool_83_13,StutteringIsCool,83,13,4080800,4128800,fluent,Daniele Rossi,True,0.3632869720458984,train,test,test
StutteringIsCool_72_2,StutteringIsCool,72,2,7468160,7516160,repetition,Daniele Rossi,True,0.5586042404174805,train,test,test
HeStutters_22_81,HeStutters,22,81,17493280,17541280,repetition,Pamela Mertz,True,0.5939021110534668,train,test,test
StutteringIsCool_40_10,StutteringIsCool,40,10,6724480,6772480,prolongation,Daniele Rossi,True,0.3809694647789001,train,test,test
MyStutteringLife_35_16,MyStutteringLife,35,16,66847040,66895040,interjection,Pedro Peña,True,,train,test,test
StutteringIsCool_21_21,StutteringIsCool,21,21,11121600,11169600,fluent,Daniele Rossi,True,0.7062723636627197,train,test,test
HeStutters_20_167,HeStutters,20,167,22168320,22216320,repetition,Pamela Mertz,True,-0.0585829243063926,train,test,test
WomenWhoStutter_89_34,WomenWhoStutter,89,34,16083520,16131520,repetition,Pamela Mertz,True,0.4114448130130768,train,test,test
MyStutteringLife_32_34,MyStutteringLife,32,34,1365280,1413280,block,Pedro Peña,True,,train,test,test
WomenWhoStutter_81_169,WomenWhoStutter,81,169,29407200,29455200,fluent,Pamela Mertz,True,0.5705543756484985,train,test,test
WomenWhoStutter_0_271,WomenWhoStutter,0,271,23846400,23894400,prolongation,Pamela Mertz,True,0.2374516874551773,train,test,test
WomenWhoStutter_30_54,WomenWhoStutter,30,54,4400800,4448800,interjection,Pamela Mertz,True,0.5222368240356445,train,test,test
StutteringIsCool_46_93,StutteringIsCool,46,93,15599840,15647840,interjection,Daniele Rossi,True,0.5085486173629761,train,test,test
StutterTalk_17_13,StutterTalk,17,13,26142720,26190720,interjection,Peter Reitzes,True,0.209392100572586,train,test,test
StutteringIsCool_34_4,StutteringIsCool,34,4,21413760,21461760,fluent,Daniele Rossi,True,0.1536893993616104,train,test,test
WomenWhoStutter_5_9,WomenWhoStutter,5,9,12926560,12974560,interjection,Pamela Mertz,True,0.5281360745429993,train,test,test
HeStutters_15_24,HeStutters,15,24,3556160,3604160,prolongation,Pamela Mertz,True,0.5517244935035706,train,test,test
StutteringIsCool_81_22,StutteringIsCool,81,22,17769280,17817280,fluent,Daniele Rossi,True,0.3956342041492462,train,test,test
StutterTalk_41_24,StutterTalk,41,24,41514880,41562880,repetition,Peter Reitzes,True,0.5390207171440125,train,test,test
HeStutters_18_94,HeStutters,18,94,2536320,2584320,interjection,Pamela Mertz,True,0.5498816967010498,train,test,test
HeStutters_16_120,HeStutters,16,120,23162560,23210560,block,Pamela Mertz,True,0.3740456998348236,train,test,test
WomenWhoStutter_76_1,WomenWhoStutter,76,1,7989760,8037760,block,Pamela Mertz,True,0.6459046602249146,train,test,test
StutterTalk_50_2,StutterTalk,50,2,5309440,5357440,fluent,Peter Reitzes,True,0.5833706855773926,train,test,test
StutteringIsCool_17_28,StutteringIsCool,17,28,12953920,13001920,fluent,Daniele Rossi,True,0.6818344593048096,train,test,test
WomenWhoStutter_68_34,WomenWhoStutter,68,34,43923360,43971360,interjection,Pamela Mertz,True,0.3887972235679626,train,test,test
WomenWhoStutter_98_24,WomenWhoStutter,98,24,17933760,17981760,block,Pamela Mertz,True,0.4669013023376465,train,test,test
HeStutters_16_136,HeStutters,16,136,25482880,25530880,repetition,Pamela Mertz,True,0.3847249448299408,train,test,test
WomenWhoStutter_72_0,WomenWhoStutter,72,0,6472000,6520000,block,Pamela Mertz,True,0.2914815545082092,train,test,test
MyStutteringLife_32_6,MyStutteringLife,32,6,8768640,8816640,interjection,Pedro Peña,True,,train,test,test
StutteringIsCool_16_39,StutteringIsCool,16,39,25407200,25455200,block,Daniele Rossi,True,0.6216550469398499,train,test,test
WomenWhoStutter_74_2,WomenWhoStutter,74,2,28970400,29018400,prolongation,Pamela Mertz,True,0.4005392491817474,train,test,test
WomenWhoStutter_50_264,WomenWhoStutter,50,264,33633760,33681760,prolongation,Pamela Mertz,True,0.4827857613563537,train,test,test
WomenWhoStutter_50_151,WomenWhoStutter,50,151,26032800,26080800,prolongation,Pamela Mertz,True,0.2916674017906189,train,test,test
HeStutters_6_79,HeStutters,6,79,37234240,37282240,prolongation,Pamela Mertz,True,0.4968519508838653,train,test,test
HeStutters_23_107,HeStutters,23,107,20185600,20233600,repetition,Pamela Mertz,True,0.5135772824287415,train,test,test
HeStutters_1_210,HeStutters,1,210,20727200,20775200,repetition,Pamela Mertz,True,0.5995727181434631,train,test,test
StutteringIsCool_47_30,StutteringIsCool,47,30,25346240,25394240,interjection,Daniele Rossi,True,0.4370413422584533,train,test,test
HeStutters_16_147,HeStutters,16,147,26681600,26729600,prolongation,Pamela Mertz,True,0.2893519997596741,train,test,test
WomenWhoStutter_62_152,WomenWhoStutter,62,152,22148640,22196640,fluent,Pamela Mertz,True,0.0314644202589988,train,test,test
MyStutteringLife_8_4,MyStutteringLife,8,4,26651040,26699040,block,Pedro Peña,True,0.6054607033729553,train,test,test
WomenWhoStutter_99_178,WomenWhoStutter,99,178,22238240,22286240,repetition,Pamela Mertz,True,0.6424684524536133,train,test,test
StutteringIsCool_82_154,StutteringIsCool,82,154,11495520,11543520,repetition,Daniele Rossi,True,0.4560432136058807,train,test,test
StutterTalk_25_30,StutterTalk,25,30,12933920,12981920,fluent,Peter Reitzes,True,0.5076988339424133,train,test,test
WomenWhoStutter_39_57,WomenWhoStutter,39,57,4155200,4203200,fluent,Pamela Mertz,True,0.5515168309211731,train,test,test
WomenWhoStutter_0_112,WomenWhoStutter,0,112,41147520,41195520,fluent,Pamela Mertz,True,0.4508755803108215,train,test,test
MyStutteringLife_30_41,MyStutteringLife,30,41,1892480,1940480,block,Pedro Peña,True,,train,test,test
HeStutters_23_77,HeStutters,23,77,13927360,13975360,repetition,Pamela Mertz,True,0.6771708726882935,train,test,test
StutteringIsCool_26_37,StutteringIsCool,26,37,31503040,31551040,prolongation,Daniele Rossi,True,,train,test,test
WomenWhoStutter_0_8,WomenWhoStutter,0,8,25349440,25397440,prolongation,Pamela Mertz,True,0.5668970942497253,train,test,test
StutterTalk_3_21,StutterTalk,3,21,3193600,3241600,block,Peter Reitzes,True,0.5095770359039307,train,test,test
HeStutters_16_61,HeStutters,16,61,9985440,10033440,prolongation,Pamela Mertz,True,0.2562323212623596,train,test,test
StutteringIsCool_46_146,StutteringIsCool,46,146,23430880,23478880,interjection,Daniele Rossi,True,0.5285561084747314,train,test,test
HeStutters_18_66,HeStutters,18,66,8889920,8937920,interjection,Pamela Mertz,True,0.501693069934845,train,test,test
WomenWhoStutter_101_147,WomenWhoStutter,101,147,25353920,25401920,block,Pamela Mertz,True,0.3641346395015716,train,test,test
WomenWhoStutter_43_9,WomenWhoStutter,43,9,11231520,11279520,prolongation,Pamela Mertz,True,0.6869828104972839,train,test,test
WomenWhoStutter_101_69,WomenWhoStutter,101,69,11043200,11091200,repetition,Pamela Mertz,True,0.4043930172920227,train,test,test
WomenWhoStutter_2_31,WomenWhoStutter,2,31,37846560,37894560,repetition,Pamela Mertz,True,0.7250259518623352,train,test,test
MyStutteringLife_16_18,MyStutteringLife,16,18,43292160,43340160,fluent,Pedro Peña,True,0.5524621605873108,train,test,test
StutteringIsCool_26_27,StutteringIsCool,26,27,21921920,21969920,fluent,Daniele Rossi,True,,train,test,test
WomenWhoStutter_42_83,WomenWhoStutter,42,83,38656320,38704320,interjection,Pamela Mertz,True,0.5220869779586792,train,test,test
HeStutters_16_33,HeStutters,16,33,45007040,45055040,block,Pamela Mertz,True,0.3593876659870147,train,test,test
WomenWhoStutter_74_36,WomenWhoStutter,74,36,7471360,7519360,fluent,Pamela Mertz,True,0.6371079683303833,train,test,test
WomenWhoStutter_57_121,WomenWhoStutter,57,121,10839200,10887200,repetition,Pamela Mertz,True,0.424923837184906,train,test,test
MyStutteringLife_35_13,MyStutteringLife,35,13,65838720,65886720,repetition,Pedro Peña,True,,train,test,test
HeStutters_12_107,HeStutters,12,107,9736640,9784640,interjection,Pamela Mertz,True,0.5086635947227478,train,test,test
MyStutteringLife_22_37,MyStutteringLife,22,37,24118400,24166400,prolongation,Pedro Peña,True,0.4202410280704498,train,test,test
WomenWhoStutter_108_18,WomenWhoStutter,108,18,13375040,13423040,block,Pamela Mertz,True,0.0116431778296828,train,test,test
WomenWhoStutter_41_23,WomenWhoStutter,41,23,12042560,12090560,repetition,Pamela Mertz,True,0.0651439279317855,train,test,test
StutteringIsCool_79_25,StutteringIsCool,79,25,11560000,11608000,block,Daniele Rossi,True,0.8085935711860657,train,test,test
WomenWhoStutter_57_124,WomenWhoStutter,57,124,11332960,11380960,prolongation,Pamela Mertz,True,0.5372892618179321,train,test,test
WomenWhoStutter_0_196,WomenWhoStutter,0,196,14652480,14700480,fluent,Pamela Mertz,True,0.5044394731521606,train,test,test
WomenWhoStutter_99_108,WomenWhoStutter,99,108,12713760,12761760,prolongation,Pamela Mertz,True,0.3927139937877655,train,test,test
WomenWhoStutter_53_24,WomenWhoStutter,53,24,15446720,15494720,prolongation,Pamela Mertz,True,0.5198883414268494,train,test,test
WomenWhoStutter_16_37,WomenWhoStutter,16,37,37149440,37197440,block,Pamela Mertz,True,0.3082032799720764,train,test,test
StutterTalk_33_18,StutterTalk,33,18,52324480,52372480,interjection,Peter Reitzes,True,0.2793876826763153,train,test,test
StutteringIsCool_48_3,StutteringIsCool,48,3,24441440,24489440,prolongation,Daniele Rossi,True,,train,test,test
WomenWhoStutter_69_28,WomenWhoStutter,69,28,28123840,28171840,interjection,Pamela Mertz,True,0.4657079577445984,train,test,test
MyStutteringLife_32_122,MyStutteringLife,32,122,6128640,6176640,prolongation,Pedro Peña,True,,train,test,test
HeStutters_16_69,HeStutters,16,69,11635360,11683360,interjection,Pamela Mertz,True,0.4561700224876404,train,test,test
WomenWhoStutter_6_69,WomenWhoStutter,6,69,6776000,6824000,interjection,Pamela Mertz,True,0.5421833395957947,train,test,test
WomenWhoStutter_5_25,WomenWhoStutter,5,25,27488000,27536000,interjection,Pamela Mertz,True,0.5061484575271606,train,test,test
MyStutteringLife_3_25,MyStutteringLife,3,25,38596320,38644320,fluent,Pedro Peña,True,0.604909360408783,train,test,test
StutteringIsCool_80_42,StutteringIsCool,80,42,2896320,2944320,block,Daniele Rossi,True,0.6676235795021057,train,test,test
HeStutters_6_62,HeStutters,6,62,34219040,34267040,repetition,Pamela Mertz,True,0.4161105751991272,train,test,test
